playerID,yearID,salary,G,AB,R,H,HR,RBI,SB,BB,SO,BA,OBP,SLG,OPS,birthYear,nameGiven,Age
abadfe01,2016,1250000,57,1,0,0,0,0,0,0,1,0,0,-2,-2,1985,Fernando Antonio,31
abreujo02,2016,11666667,159,624,67,183,25,100,0,47,125,0.2932692307692308,0.34277198211624443,0.44871794871794873,0.7914899308341932,1987,Jose Dariel,29
ackledu01,2016,3200000,28,61,6,9,0,4,0,8,9,0.14754098360655737,0.2463768115942029,-0.11475409836065574,0.13162271323354718,1988,Dustin Michael,28
adamecr01,2016,509500,121,225,25,49,2,17,2,24,47,0.21777777777777776,0.2931726907630522,0.04888888888888889,0.34206157965194106,1991,Cristhian Pascual,25
adamsma01,2016,1650000,118,297,37,74,16,54,0,25,81,0.24915824915824916,0.30745341614906835,0.19528619528619529,0.5027396114352636,1988,Matthew James,28
adriaeh01,2016,512500,40,63,3,16,2,7,0,2,13,0.25396825396825395,0.27692307692307694,0.38095238095238093,0.6578754578754579,1989,Ehire Enrique,27
ahmedni01,2016,521600,90,284,26,62,4,20,5,15,58,0.21830985915492956,0.25752508361204013,0.18309859154929578,0.44062367516133594,1990,Nicholas Mark,26
alberha01,2016,511500,35,56,2,8,0,5,1,0,17,0.14285714285714285,0.14285714285714285,-0.17857142857142858,-0.035714285714285726,1992,Hanser Joel,24
alberma01,2016,2000000,58,1,1,1,0,0,0,0,0,1,1,3,4,1983,Matthew James,33
allenco01,2016,4150000,67,0,0,0,0,0,0,0,0,0,0,0,0,1988,Cody Edward,28
alonsyo01,2016,2650000,156,482,52,122,7,56,3,45,74,0.25311203319502074,0.31688804554079697,0.3091286307053942,0.6260166762461912,1987,Yonder,29
altheaa01,2016,515500,57,198,23,39,4,22,7,23,69,0.19696969696969696,0.28054298642533937,-0.2777777777777778,0.002765208647561579,1991,Aaron Samuel,25
altuvjo01,2016,3687500,161,640,108,216,24,96,30,60,70,0.3375,0.3942857142857143,0.71875,1.1130357142857144,1990,Jose Carlos,26
alvarjo02,2016,507500,64,1,0,0,0,0,0,0,0,0,0,0,0,1989,Jose Ricardo,27
alvarpe01,2016,5731704,109,337,43,84,22,49,1,37,97,0.24925816023738873,0.3235294117647059,0.14836795252225518,0.47189736428696105,1987,Pedro Manuel,29
anderbr04,2016,15800000,4,3,0,0,0,0,0,0,2,0,0,-1.3333333333333333,-1.3333333333333333,1988,Brett Franklin,28
anderch01,2016,520200,31,45,3,4,0,1,0,1,27,0.08888888888888889,0.10869565217391304,-0.9777777777777777,-0.8690821256038647,1987,Robert Chase,29
anderco01,2016,511400,19,0,0,0,0,0,0,0,0,0,0,0,0,1990,Cody Andrew,26
anderty01,2016,509500,20,35,1,4,1,3,0,4,11,0.11428571428571428,0.20512820512820512,-0.42857142857142855,-0.22344322344322343,1989,Tyler John,27
andruel01,2016,15333333,147,506,75,153,8,69,24,47,70,0.30237154150197626,0.3616636528028933,0.49209486166007904,0.8537585144629724,1988,Elvis Augusto,28
aokino01,2016,5500000,118,417,63,118,4,28,7,34,45,0.2829736211031175,0.3370288248337029,0.4988009592326139,0.8358297840663168,1982,Norichika,34
archech01,2016,2916667,33,7,1,0,0,0,0,1,3,0,0.125,-1.1428571428571428,-1.0178571428571428,1988,Christopher Alan,28
arciaos01,2016,535000,69,202,17,41,8,23,1,18,80,0.20297029702970298,0.2681818181818182,-0.24257425742574257,0.02560756075607562,1991,Oswaldo Celestino,25
arenano01,2016,5000000,160,618,116,182,41,133,2,68,103,0.29449838187702265,0.36443148688046645,0.529126213592233,0.8935577004726994,1991,Nolan James,25
arrieja01,2016,10700000,31,65,7,17,2,7,0,4,28,0.26153846153846155,0.30434782608695654,-0.1076923076923077,0.19665551839464884,1986,Jacob Joseph,30
ascheco01,2016,530000,71,197,22,42,4,18,3,18,54,0.2131979695431472,0.27906976744186046,-0.030456852791878174,0.24861291464998228,1990,Cody James,26
avilaal01,2016,2500000,57,169,19,36,7,11,0,38,78,0.21301775147928995,0.357487922705314,-0.6094674556213018,-0.2519795329159878,1987,Alexander Thomas,29
avilemi01,2016,2000000,68,167,17,35,1,6,2,9,27,0.20958083832335328,0.25,0.2155688622754491,0.46556886227544914,1981,Michael Anthony,35
axforjo01,2016,4500000,68,0,0,0,0,0,0,0,0,0,0,0,0,1983,John Berton,33
aybarer01,2016,8500000,126,415,34,101,3,34,3,31,70,0.2433734939759036,0.29596412556053814,0.26506024096385544,0.5610243665243936,1984,Erick Johan,32
baezja01,2016,512000,142,421,50,115,14,59,12,15,108,0.27315914489311166,0.2981651376146789,0.334916864608076,0.6330820022227549,1992,Ednel Javier,24
baezpe01,2016,520000,73,1,0,0,0,0,0,0,0,0,0,0,0,1988,Pedro Alberys,28
baileho02,2016,18000000,6,10,0,1,0,0,0,1,1,0.1,0.18181818181818182,-0.1,0.08181818181818182,1986,David Dewitt,30
barbajo01,2016,507500,13,0,0,0,0,0,0,0,0,0,0,0,0,1992,John Edward,24
barneau01,2016,512500,21,32,3,5,0,2,0,5,9,0.15625,0.2702702702702703,-0.40625,-0.13597972972972971,1989,Austin Scott,27
barnebr02,2016,1000000,48,100,10,22,0,8,1,3,30,0.22,0.24271844660194175,0,0.24271844660194175,1986,Brandon Michael,30
barneda01,2016,1050000,104,279,35,75,4,19,2,22,48,0.26881720430107525,0.3222591362126246,0.34767025089605735,0.669929387108682,1985,Darwin James Kunane,31
barnema01,2016,511000,62,0,0,0,0,0,0,0,0,0,0,0,0,1990,Matthew David,26
barneto01,2016,1500000,53,0,0,0,0,0,0,0,0,0,0,0,0,1983,Anthony Lee,33
barnhtu01,2016,517500,115,377,34,97,7,51,1,36,72,0.2572944297082228,0.3220338983050847,0.2546419098143236,0.5766758081194083,1991,Tucker Jackson,25
barreja01,2016,507500,68,0,0,0,0,0,0,0,0,0,0,0,0,1991,Jake Dalton,25
bassich01,2016,510000,5,0,0,0,0,0,0,0,0,0,0,0,0,1989,Christopher Michael,27
bastaan01,2016,5375000,69,0,0,0,0,0,0,0,0,0,0,0,0,1985,Antonio Francisco,31
bauertr01,2016,1697500,35,5,0,0,0,0,0,0,5,0,0,-2,-2,1991,Trevor Andrew,25
baumabu01,2016,520000,11,0,0,0,0,0,0,0,0,0,0,0,0,1987,George Charles,29
bautijo02,2016,14000000,116,423,68,99,22,69,2,87,103,0.23404255319148937,0.36470588235294116,-0.04018912529550828,0.3245167570574329,1980,Jose Antonio,36
beckhgo01,2016,1250000,88,245,25,52,5,31,1,26,52,0.21224489795918366,0.2878228782287823,0.061224489795918366,0.34904736802470065,1986,James Gordon,30
beckhti01,2016,514500,64,198,25,49,5,16,2,14,67,0.2474747474747475,0.2971698113207547,0,0.2971698113207547,1990,Timothy Lamar,26
bedroca01,2016,510500,45,0,0,0,0,0,0,0,0,0,0,0,0,1991,Cameron Rock,25
belisma01,2016,1250000,40,4,0,0,0,0,0,0,2,0,0,-1,-1,1980,Matthew Thomas,36
beltbr01,2016,6200000,156,542,77,149,17,82,0,104,148,0.27490774907749077,0.39164086687306504,-0.01107011070110701,0.380570756171958,1988,Brandon Kyle,28
beltrad01,2016,18000000,153,583,89,175,32,104,1,48,66,0.30017152658662094,0.35340729001584786,0.6740994854202401,1.027506775436088,1979,Adrian,37
beltrca01,2016,15000000,151,552,73,163,29,93,1,35,101,0.29528985507246375,0.3373083475298126,0.5507246376811594,0.8880329852109721,1977,Carlos Ivan,39
benoijo01,2016,7500000,51,0,0,0,0,0,0,0,0,0,0,0,0,1977,Joaquin Antonio,39
bergmch01,2016,512500,15,3,1,1,0,0,0,0,0,0.3333333333333333,0.3333333333333333,1,1.3333333333333333,1988,Christian Stanford,28
betande01,2016,507500,73,0,0,0,0,0,0,0,0,0,0,0,0,1988,Dellin,28
bethach01,2016,511200,73,193,20,44,6,25,1,10,56,0.22797927461139897,0.2660098522167488,0.09326424870466321,0.359274100921412,1991,Christian Gabriel,25
bettich01,2016,512500,32,49,2,2,0,2,0,4,21,0.04081632653061224,0.11320754716981132,-0.8979591836734694,-0.7847516365036581,1989,Chad Robert,27
bettsmo01,2016,566000,158,672,122,214,31,113,26,49,80,0.31845238095238093,0.3647711511789182,0.7098214285714286,1.0745925797503468,1992,Markus Lynn,24
biagijo01,2016,507500,60,0,0,0,0,0,0,0,0,0,0,0,0,1990,Joseph Carlo,26
blackch02,2016,3500000,143,578,111,187,29,82,17,43,102,0.3235294117647059,0.37037037037037035,0.6193771626297578,0.9897475330001282,1986,Charles Cobb,30
blancan01,2016,1450000,90,190,26,48,4,21,2,11,41,0.25263157894736843,0.2935323383084577,0.2736842105263158,0.5672165488347736,1984,Andres Eloy,32
blancgr01,2016,3900000,106,241,28,54,1,18,6,29,51,0.22406639004149378,0.3074074074074074,0.02074688796680498,0.32815429537421237,1983,Gregor Miguel,33
blantjo01,2016,4000000,75,0,0,0,0,0,0,0,0,0,0,0,0,1980,Joseph Matthew,36
blashja01,2016,507500,38,71,7,12,3,5,1,11,34,0.16901408450704225,0.2804878048780488,-0.6338028169014085,-0.3533150120233597,1989,Jabari Jerell,27
blazemi01,2016,514200,42,0,1,0,0,0,0,0,0,0,0,0,0,1989,Michael Robert,27
blevije01,2016,4000000,73,1,0,0,0,0,0,0,0,0,0,0,0,1983,Jerry Richard,33
bogaexa01,2016,650000,157,652,115,192,21,89,13,58,123,0.294478527607362,0.352112676056338,0.42484662576687116,0.7769593018232092,1992,Xander Jan,24
bolsimi01,2016,515000,6,9,0,0,0,0,0,0,7,0,0,-1.5555555555555556,-1.5555555555555556,1988,Michael Peter,28
bourjpe01,2016,2000000,123,355,40,89,5,23,6,17,91,0.2507042253521127,0.2849462365591398,0.18591549295774648,0.4708617295168863,1987,Peter Christopher,29
bourju01,2016,537500,90,280,35,74,15,51,0,38,56,0.2642857142857143,0.3522012578616352,0.28214285714285714,0.6343441150044924,1988,Justin James,28
bowmama01,2016,507500,59,1,0,0,0,0,0,0,1,0,0,-2,-2,1991,Matthew Chou,25
boxbebr01,2016,519200,27,0,0,0,0,0,0,0,0,0,0,0,0,1988,Bradley George,28
boyerbl01,2016,950000,61,1,0,0,0,0,0,0,0,0,0,0,0,1981,Blaine Thomas,35
brachbr01,2016,1250000,71,0,0,0,0,0,0,0,0,0,0,0,0,1986,Brad,30
brachsi01,2016,509300,26,1,0,0,0,0,0,0,1,0,0,-2,-2,1992,Silvino,24
bradlja02,2016,546500,156,558,94,149,26,87,9,63,143,0.2670250896057348,0.3413848631239936,0.2025089605734767,0.5438938236974703,1990,Jackie,26
brantmi02,2016,7375000,11,39,5,9,0,7,1,3,6,0.23076923076923078,0.2857142857142857,0.23076923076923078,0.5164835164835164,1987,Michael Charles,29
braunry02,2016,19315013,135,511,80,156,30,91,16,46,98,0.30528375733855184,0.362657091561939,0.5283757338551859,0.8910328254171249,1983,Ryan Joseph,33
breslcr01,2016,1500000,15,0,0,0,0,0,0,0,0,0,0,0,0,1980,Craig Andrew,36
britoso01,2016,508500,40,95,10,17,4,12,2,2,23,0.17894736842105263,0.1958762886597938,0.1368421052631579,0.3327183939229517,1992,Socrates Orel,24
brittza01,2016,6750000,69,0,0,0,0,0,0,0,0,0,0,0,0,1987,Zackary Grant,29
browntr01,2016,508500,75,173,17,41,5,19,0,10,39,0.23699421965317918,0.2786885245901639,0.23121387283236994,0.5099023974225338,1991,Trevor Michael,25
broxtjo01,2016,3750000,66,0,0,0,0,0,0,0,0,0,0,0,0,1984,Jonathan Roy,32
broxtke01,2016,508500,75,207,28,50,9,19,23,36,88,0.24154589371980675,0.35390946502057613,-0.34299516908212563,0.010914295938450502,1990,Keon Darell,26
bruceja01,2016,12541666,147,539,74,135,33,99,4,44,126,0.2504638218923933,0.307032590051458,0.3042671614100185,0.6112997514614765,1987,Jay Allen,29
bryankr01,2016,652000,155,603,121,176,39,102,8,75,154,0.29187396351575456,0.3702064896755162,0.3101160862354892,0.6803225759110054,1992,Kristopher Lee,24
buchhcl01,2016,13000000,37,2,0,0,0,0,0,1,2,0,0.3333333333333333,-3,-2.6666666666666665,1984,Clay Daniel,32
buchtry01,2016,520000,67,0,0,0,0,0,0,0,0,0,0,0,0,1987,Ryan James,29
bumgama01,2016,9916667,36,86,8,16,3,9,0,10,43,0.18604651162790697,0.2708333333333333,-0.5697674418604651,-0.2989341085271318,1989,Madison Kyle,27
bundydy01,2016,1800000,36,3,0,0,0,0,0,0,2,0,0,-1.3333333333333333,-1.3333333333333333,1992,Dylan Matthew,24
burnsbi02,2016,512500,97,311,39,73,0,13,17,10,37,0.2347266881028939,0.2585669781931464,0.40192926045016075,0.6604962386433071,1989,William John,27
burriem01,2016,925000,39,45,3,5,0,0,1,2,10,0.1111111111111111,0.14893617021276595,-0.2,-0.05106382978723406,1985,Emmanuel Allen,31
buterdr01,2016,1162500,56,123,18,35,4,16,0,8,36,0.2845528455284553,0.3282442748091603,0.23577235772357724,0.5640166325327376,1983,Andrew Edward,33
butlebi03,2016,11666667,97,250,27,71,5,35,0,21,42,0.284,0.33948339483394835,0.408,0.7474833948339483,1986,Billy Ray,30
buxtoby01,2016,512500,92,298,44,67,10,38,10,23,118,0.22483221476510068,0.2803738317757009,-0.17114093959731544,0.10923289217838547,1993,Byron Keiron,23
byrdma01,2016,1000000,34,115,11,31,5,19,0,11,38,0.26956521739130435,0.3333333333333333,0.08695652173913043,0.42028985507246375,1977,Marlon Jerrard,39
cabreas01,2016,8250000,141,521,65,146,23,62,5,38,103,0.2802303262955854,0.3291592128801431,0.43186180422264875,0.7610210171027918,1985,Asdrubal Jose,31
cabreme01,2016,14000000,151,591,70,175,14,86,2,47,69,0.2961082910321489,0.34796238244514105,0.5668358714043993,0.9147982538495403,1984,Melky,32
cabremi01,2016,28000000,158,595,92,188,38,108,0,75,116,0.31596638655462184,0.3925373134328358,0.49747899159663866,0.8900163050294745,1983,Jose Miguel,33
cahiltr01,2016,4250000,51,8,1,1,0,1,0,1,4,0.125,0.2222222222222222,-0.875,-0.6527777777777778,1988,Trevor John,28
cainlo01,2016,6500000,103,397,56,114,9,56,14,31,84,0.2871536523929471,0.338785046728972,0.3501259445843829,0.6889109913133549,1986,Lorenzo Lamar,30
cainma01,2016,20833333,21,27,1,2,1,5,0,0,17,0.07407407407407407,0.07407407407407407,-0.9259259259259259,-0.8518518518518519,1984,Matthew Thomas,32
calhoko01,2016,3400000,157,594,91,161,18,75,2,67,118,0.27104377104377103,0.34493192133131617,0.28114478114478114,0.6260767024760974,1987,Kole Alan,29
caminar01,2016,532500,57,2,0,0,0,0,0,0,1,0,0,-1,-1,1987,Arquimedes Euclides,29
campber01,2016,513308,40,75,9,13,1,9,1,10,24,0.17333333333333334,0.27058823529411763,-0.3466666666666667,-0.07607843137254905,1987,Eric Singleton,29
canhama01,2016,512500,16,41,4,5,3,6,0,0,20,0.12195121951219512,0.12195121951219512,-0.3902439024390244,-0.2682926829268293,1989,Mark David,27
canoro01,2016,24000000,161,655,107,195,39,103,0,47,100,0.29770992366412213,0.34472934472934474,0.6229007633587786,0.9676301080881233,1982,Robinson Jose,34
capuach01,2016,1500000,16,0,0,0,0,0,0,1,0,0,1,0,1,1978,Christopher Frank,38
carpema01,2016,6500000,129,473,81,128,21,68,0,81,108,0.27061310782241016,0.37725631768953066,0.14587737843551796,0.5231336961250486,1985,Matthew Martin,31
carraca01,2016,4500000,25,0,0,0,0,0,0,0,0,0,0,0,0,1987,Carlos Luis,29
carreez01,2016,521800,110,270,47,67,6,23,7,27,70,0.24814814814814815,0.3164983164983165,0.09259259259259259,0.40909090909090906,1987,Ezequiel Manuel,29
cartech02,2016,2500000,160,549,84,122,41,94,3,76,206,0.2222222222222222,0.3168,-0.1366120218579235,0.18018797814207652,1986,Vernon Christopher,30
casalcu01,2016,513600,84,226,23,42,8,25,0,25,82,0.18584070796460178,0.26693227091633465,-0.2831858407079646,-0.01625356979162995,1988,Curtis Michael,28
cashnan01,2016,7150000,28,34,3,6,0,1,0,3,13,0.17647058823529413,0.24324324324324326,-0.4117647058823529,-0.16852146263910966,1986,Andrew Burton,30
casteni01,2016,536500,110,411,54,117,18,58,1,28,111,0.2846715328467153,0.33029612756264237,0.30900243309002434,0.6392985606526667,1992,Nicholas Alexander,24
castiru01,2016,11400000,9,8,4,2,0,0,0,0,3,0.25,0.25,0,0.25,1987,Rusney,29
castiwe01,2016,3700000,113,416,41,110,14,68,2,33,121,0.2644230769230769,0.3184855233853007,0.15384615384615385,0.4723316772314545,1987,Welington Andres,29
castrja01,2016,5000000,113,329,41,69,11,32,2,45,123,0.20972644376899696,0.3048128342245989,-0.2917933130699088,0.013019521154690128,1987,Jason Michael,29
castrmi01,2016,509500,19,0,0,0,0,0,0,0,0,0,0,0,0,1994,Miguel Angel,22
castrst01,2016,7857142,151,577,63,156,21,70,4,24,118,0.2703639514731369,0.2995008319467554,0.42807625649913345,0.7275770884458889,1990,Starlin DeJesus,26
cecilbr01,2016,3800000,54,0,0,0,0,0,0,0,0,0,0,0,0,1986,Brett Aarion,30
cedenxa01,2016,524100,54,0,0,0,0,0,0,0,0,0,0,0,0,1986,Xavier,30
cervefr01,2016,3500000,101,326,42,86,1,33,6,56,72,0.26380368098159507,0.3717277486910995,0.015337423312883436,0.38706517200398294,1986,Francisco,30
cespeyo01,2016,27328046,132,479,72,134,31,86,3,51,108,0.2797494780793319,0.3490566037735849,0.3695198329853862,0.7185764367589711,1985,Yoenis,31
cessalu01,2016,507500,17,0,0,0,0,0,0,0,0,0,0,0,0,1992,Luis Enrique,24
chafian01,2016,519700,32,0,0,0,0,0,0,0,0,0,0,0,0,1990,Andrew Gregory,26
chapmar01,2016,9468443,59,0,0,0,0,0,0,0,0,0,0,0,0,1988,Albertin Aroldis,28
chatwty01,2016,1000000,27,53,3,10,0,4,0,2,14,0.18867924528301888,0.21818181818181817,-0.03773584905660377,0.1804459691252144,1989,Tyler Cole,27
chaveje01,2016,4000000,62,0,0,0,0,0,0,0,0,0,0,0,0,1983,Jesse David,33
chenwe02,2016,12500000,22,44,0,0,0,0,0,0,18,0,0,-0.8181818181818182,-0.8181818181818182,1985,Wei-Yin,31
chiriro01,2016,1550000,57,147,21,33,9,20,0,15,44,0.22448979591836735,0.2962962962962963,0.05442176870748299,0.3507180650037793,1984,Robinson David,32
chiselo01,2016,2725000,126,385,43,110,8,57,6,23,70,0.2857142857142857,0.32598039215686275,0.43636363636363634,0.7623440285204991,1988,Lonnie David,28
choiji01,2016,650000,54,112,9,19,5,12,2,16,27,0.16964285714285715,0.2734375,-0.125,0.1484375,1991,Ji-Man,25
choosh01,2016,20000000,48,178,27,43,7,17,6,25,46,0.24157303370786518,0.33497536945812806,0.0449438202247191,0.37991918968284716,1982,Shin-Soo,34
cingrto01,2016,530000,65,0,1,0,0,0,0,1,0,0,1,0,1,1989,Anthony Michael,27
cishest01,2016,4000000,62,0,0,0,0,0,0,0,0,0,0,0,0,1986,Steven Ryan,30
clevest01,2016,516500,22,68,7,15,1,7,0,8,14,0.22058823529411764,0.3026315789473684,0.058823529411764705,0.36145510835913314,1986,Steven Scott,30
clippty01,2016,6100000,69,0,0,0,0,0,0,0,0,0,0,0,0,1985,Tyler Lee,31
cobbal01,2016,4000000,5,0,0,0,0,0,0,0,0,0,0,0,0,1987,Alexander Miller,29
coghlch01,2016,4800000,99,261,35,49,6,30,2,35,73,0.18773946360153257,0.28378378378378377,-0.19540229885057472,0.08838148493320905,1985,Christopher Brockett,31
colabch01,2016,521300,10,29,0,2,0,1,0,2,9,0.06896551724137931,0.12903225806451613,-0.5517241379310345,-0.42269187986651835,1983,Christopher Adrian,33
colege01,2016,548000,21,40,3,8,1,3,0,0,19,0.2,0.2,-0.275,-0.07500000000000001,1990,Gerrit Alan,26
colemlo01,2016,725000,61,0,0,0,0,0,0,0,0,0,0,0,0,1986,Harold Louis,30
collity01,2016,510500,56,136,14,32,4,15,1,13,38,0.23529411764705882,0.30201342281879195,0.04411764705882353,0.3461310698776155,1990,Tyler James,26
colomal01,2016,521700,57,0,0,0,0,0,0,0,0,0,0,0,0,1988,Alexander Manuel,28
colonba01,2016,7250000,34,60,4,5,1,2,0,1,40,0.08333333333333333,0.09836065573770492,-1.0666666666666667,-0.9683060109289617,1973,Bartolo,43
colonch01,2016,518425,54,147,13,34,1,13,0,11,31,0.23129251700680273,0.2848101265822785,0.14285714285714285,0.42766726943942135,1989,Christian Anthony,27
confomi01,2016,517246,109,304,38,67,12,42,2,36,89,0.22039473684210525,0.3029411764705882,-0.04276315789473684,0.2601780185758514,1993,Michael Thomas,23
congeha01,2016,1500000,49,124,6,24,3,10,0,12,40,0.1935483870967742,0.2647058823529412,-0.18548387096774194,0.07922201138519924,1988,Hyun Choi,28
conlead01,2016,512500,25,41,4,5,0,3,0,1,22,0.12195121951219512,0.14285714285714285,-0.7560975609756098,-0.613240418118467,1990,Adam Michael,26
corbipa01,2016,2525000,38,49,7,15,0,4,0,1,14,0.30612244897959184,0.32,0.30612244897959184,0.6261224489795918,1989,Patrick Alan,27
correca01,2016,516700,153,577,76,158,20,96,13,75,139,0.2738301559792028,0.35736196319018404,0.18370883882149047,0.5410708020116746,1994,Carlos Javier,22
cosarja01,2016,550000,13,16,1,2,0,0,0,0,5,0.125,0.125,-0.25,-0.125,1990,Jarred Lynn,26
cothaca01,2016,509675,23,0,0,0,0,0,0,0,0,0,0,0,0,1987,Caleb Kent,29
cowgico01,2016,1000000,9,12,0,1,0,0,0,2,7,0.08333333333333333,0.21428571428571427,-1.25,-1.0357142857142858,1986,Collin Brannen,30
cozarza01,2016,2925000,121,464,67,117,16,50,4,37,84,0.2521551724137931,0.3073852295409182,0.33836206896551724,0.6457472985064354,1985,Zachary Warren,31
crawfbr01,2016,6000000,155,553,67,152,12,84,7,57,115,0.27486437613019893,0.34262295081967215,0.26763110307414106,0.6102540538938133,1987,Brandon Michael,29
crawfca02,2016,20750000,30,81,8,15,0,6,0,4,11,0.18518518518518517,0.2235294117647059,0.18518518518518517,0.4087145969498911,1981,Carl Demonte,35
crispco01,2016,11000000,122,446,54,103,13,55,10,46,78,0.23094170403587444,0.30284552845528456,0.2242152466367713,0.5270607750920558,1979,Covelli Loyce,37
croncj01,2016,525000,116,407,51,113,16,69,2,24,75,0.27764127764127766,0.31786542923433875,0.4643734643734644,0.7822388936078031,1990,Christopher John,26
cruzne02,2016,14250000,155,589,96,169,43,105,2,62,159,0.2869269949066214,0.3548387096774194,0.3293718166383701,0.6842105263157895,1980,Nelson Ramon,36
cuetojo01,2016,17500000,32,70,1,8,0,5,0,2,24,0.11428571428571428,0.1388888888888889,-0.4,-0.2611111111111111,1986,Johnny,30
culbech01,2016,535000,34,67,6,20,1,7,1,1,13,0.29850746268656714,0.3088235294117647,0.5223880597014925,0.8312115891132572,1989,Charles Edward,27
danksjo01,2016,15750000,4,0,0,0,0,0,0,0,0,0,0,0,0,1985,John William,31
darnatr01,2016,542604,75,251,27,62,4,15,0,19,50,0.24701195219123506,0.3,0.23904382470119523,0.5390438247011953,1989,Travis E.,27
darviyu01,2016,10000000,17,3,1,1,1,1,0,0,1,0.3333333333333333,0.3333333333333333,1.3333333333333333,1.6666666666666665,1986,Sefat Farid Yu,30
davisch02,2016,21268890,157,566,99,125,38,84,1,88,219,0.22084805653710246,0.3256880733944954,-0.22084805653710246,0.10484001685739294,1986,Christopher Lyn,30
daviskh01,2016,524500,150,555,85,137,42,102,1,42,166,0.24684684684684685,0.2998324958123953,0.218018018018018,0.5178505138304133,1987,Khristopher Adrian,29
davisra01,2016,5250000,134,454,74,113,12,48,43,33,106,0.2488986784140969,0.2997946611909651,0.21365638766519823,0.5134510488561633,1980,Rajai Lavae,36
daviswa01,2016,8000000,45,0,0,0,0,0,0,0,0,0,0,0,0,1985,Wade Allen,31
deazaal01,2016,5750000,130,234,31,48,6,25,4,26,67,0.20512820512820512,0.2846153846153846,-0.10256410256410256,0.18205128205128204,1984,Alejandro Alberto,32
degroja01,2016,607000,27,42,6,6,0,2,0,3,12,0.14285714285714285,0.2,-0.2857142857142857,-0.08571428571428569,1988,Jacob Anthony,28
dejesiv02,2016,517000,104,221,21,56,1,20,3,17,51,0.25339366515837103,0.3067226890756303,0.1583710407239819,0.46509372979961217,1987,Ivan,29
delarjo01,2016,12500000,27,38,4,7,0,6,0,2,14,0.18421052631578946,0.225,-0.2894736842105263,-0.06447368421052632,1981,Jorge Alberto,35
delarru01,2016,2350000,13,14,0,1,0,1,0,0,3,0.07142857142857142,0.07142857142857142,-0.21428571428571427,-0.14285714285714285,1989,Rubby Carlos,27
delgara01,2016,1275000,79,2,0,0,0,0,0,0,0,0,0,0,0,1990,Randall Enrique,26
descada01,2016,2100000,99,250,38,66,8,38,3,34,56,0.264,0.352112676056338,0.168,0.520112676056338,1986,Daniel William,30
desclan01,2016,540000,20,41,0,5,0,1,0,1,22,0.12195121951219512,0.14285714285714285,-0.7560975609756098,-0.613240418118467,1990,Anthony James,26
deshide02,2016,517300,74,182,36,38,4,13,8,15,54,0.2087912087912088,0.26903553299492383,-0.06593406593406594,0.2031014670608579,1992,Delino Diaab,24
desmoia01,2016,8000000,156,625,107,178,22,86,21,44,160,0.2848,0.33183856502242154,0.3072,0.6390385650224215,1985,Ian Morgan,31
detwiro01,2016,1000000,16,1,0,0,0,0,0,0,1,0,0,-2,-2,1986,Ross Emery,30
diazel01,2016,510000,1,4,0,0,0,1,0,0,1,0,0,-0.5,-0.5,1990,Elias David,26
diazju03,2016,525000,45,1,0,0,0,0,0,0,0,0,0,0,0,1984,Jose Rafael,32
dickeco01,2016,522900,148,510,57,125,24,70,0,33,134,0.24509803921568626,0.29097605893186,0.22156862745098038,0.5125446863828405,1989,McKenzie Corey,27
dickera01,2016,12000000,31,1,0,0,0,0,0,0,1,0,0,-2,-2,1974,Robert Allen,42
diekmja01,2016,1255000,66,0,0,0,0,0,0,0,0,0,0,0,0,1987,Jacob Tanner,29
dietrde01,2016,522500,128,351,39,98,7,42,1,32,84,0.2792022792022792,0.3394255874673629,0.23646723646723647,0.5758928239345994,1989,Derek Richard,27
donaljo02,2016,11650000,155,577,122,164,37,99,7,109,119,0.28422876949740034,0.3979591836734694,0.25476603119584057,0.6527252148693099,1985,Joshua Adam,31
doolise01,2016,1580000,44,0,0,0,0,0,0,0,0,0,0,0,0,1986,Sean Robert,30
doziebr01,2016,3000000,155,615,104,165,42,99,18,61,138,0.2682926829268293,0.3343195266272189,0.36260162601626017,0.6969211526434791,1987,James Brian,29
drewst01,2016,3000000,70,143,24,38,8,21,0,16,31,0.26573426573426573,0.33962264150943394,0.3076923076923077,0.6473149492017416,1983,Stephen Oris,33
drurybr01,2016,508900,134,461,59,130,16,53,1,31,100,0.28199566160520606,0.32723577235772355,0.38177874186550975,0.7090145142232334,1992,Brandon Shane,24
dudalu01,2016,6725000,47,153,20,35,7,23,0,15,36,0.22875816993464052,0.2976190476190476,0.1568627450980392,0.45448179271708683,1986,Lucas Christopher,30
duffyda01,2016,4225000,42,5,1,1,0,1,0,0,1,0.2,0.2,0.2,0.4,1988,Daniel Richard,28
duffyma01,2016,510200,91,333,41,86,5,28,8,23,53,0.25825825825825827,0.3061797752808989,0.3633633633633634,0.6695431386442623,1991,Matthew Michael,25
duffyma02,2016,537500,3,3,0,0,0,0,0,0,2,0,0,-1.3333333333333333,-1.3333333333333333,1989,Matthew Edward,27
dukeza01,2016,5000000,81,0,0,0,0,0,0,0,0,0,0,0,0,1983,Zachary Thomas,33
dullry01,2016,507500,70,0,0,0,0,0,0,0,0,0,0,0,0,1989,Ryan Christopher,27
dunnmi01,2016,3450000,51,0,0,0,0,0,0,0,0,0,0,0,0,1985,Michael Glen,31
duvalad01,2016,510000,150,552,85,133,33,103,6,41,164,0.24094202898550723,0.2934232715008432,0.15942028985507245,0.45284356135591564,1988,Adam Lynn,28
dysonja01,2016,1725000,107,299,46,83,1,25,30,26,39,0.27759197324414714,0.3353846153846154,0.4080267558528428,0.7434113712374582,1984,Jarrod Martel,32
dysonsa01,2016,525270,73,0,0,0,0,0,0,0,0,0,0,0,0,1988,Samuel Isaac,28
eatonad02,2016,2750000,157,619,91,176,14,59,14,63,115,0.284329563812601,0.35043988269794724,0.345718901453958,0.6961587841519052,1988,Adam Cory,28
edginjo01,2016,625000,16,0,0,0,0,0,0,0,0,0,0,0,0,1986,Joshua Wayne,30
eickhje01,2016,516000,33,61,4,8,0,5,0,1,12,0.13114754098360656,0.14516129032258066,-0.03278688524590164,0.11237440507667901,1990,Jerad Joseph,26
ellisaj01,2016,4500000,64,171,11,37,2,22,2,19,31,0.21637426900584794,0.29473684210526313,0.09941520467836257,0.3941520467836257,1981,Andrew James,35
ellsbja01,2016,21142857,148,551,71,145,9,56,20,54,84,0.2631578947368421,0.32892561983471075,0.33756805807622503,0.6664936779109358,1983,Jacoby McCabe,33
encared01,2016,10000000,160,601,99,158,42,127,2,87,138,0.2628951747088186,0.3561046511627907,0.24958402662229617,0.605688677785087,1983,Edwin Elpidio,33
eovalna01,2016,5600000,24,5,0,0,0,0,0,1,4,0,0.16666666666666666,-2,-1.8333333333333333,1990,Nathan Edward,26
escobal02,2016,5250000,162,637,57,166,7,55,17,27,96,0.260596546310832,0.29066265060240964,0.42857142857142855,0.7192340791738382,1986,Alcides,30
escobed01,2016,2150000,105,352,32,83,6,37,1,21,72,0.23579545454545456,0.27882037533512066,0.23011363636363635,0.5089340116987571,1989,Eduardo Jose,27
escobyu01,2016,7000000,132,517,68,157,5,39,0,40,67,0.3036750483558994,0.35368043087971274,0.5261121856866537,0.8797926165663665,1982,Yunel,34
espinda01,2016,2875000,157,516,66,108,24,72,9,54,174,0.20930232558139536,0.28421052631578947,-0.11627906976744186,0.16793145654834762,1987,Daniel Richard,29
estrama01,2016,11500000,29,5,0,0,0,0,0,0,3,0,0,-1.2,-1.2,1983,Marco Rene,33
ethiean01,2016,18000000,16,24,2,5,1,2,0,2,6,0.20833333333333334,0.2692307692307692,0.08333333333333333,0.35256410256410253,1982,Andre Everett,34
evelada01,2016,895000,33,0,0,0,0,0,0,0,0,0,0,0,0,1983,Dana James,33
familje01,2016,4100000,78,0,0,0,0,0,0,0,0,0,0,0,0,1989,Jeurys,27
farmebu01,2016,509500,14,0,0,0,0,0,0,0,0,0,0,0,0,1991,George Runie,25
farquda01,2016,527000,35,0,0,0,0,0,0,0,0,0,0,0,0,1987,Daniel Andres,29
faulkan01,2016,508500,9,0,0,0,0,0,0,0,0,0,0,0,0,1992,Andrew Michael,24
feldmsc01,2016,8000000,40,2,0,0,0,0,0,0,2,0,0,-2,-2,1983,Scott Wynne,33
felizmi01,2016,508200,47,0,0,0,0,0,0,0,0,0,0,0,0,1993,Michael,23
felizne01,2016,3900000,62,0,0,0,0,0,0,0,0,0,0,0,0,1988,Neftali,28
fernajo02,2016,2800000,30,52,3,13,0,6,0,1,13,0.25,0.2641509433962264,0.21153846153846154,0.4756894049346879,1992,Jose Delfin,24
fieldjo03,2016,900000,37,1,0,0,0,0,0,0,1,0,0,-2,-2,1985,Joshua David,31
fieldpr01,2016,24000000,89,326,29,69,8,44,0,32,63,0.2116564417177914,0.28212290502793297,0.12576687116564417,0.40788977619357714,1984,Prince Semien,32
fienca01,2016,2275000,39,0,0,0,0,0,0,0,0,0,0,0,0,1983,Casey Michael,33
fiersmi01,2016,524100,31,0,0,0,0,0,0,0,0,0,0,0,0,1985,Michael Bruce,31
figueco01,2016,550000,23,26,0,4,0,3,1,1,2,0.15384615384615385,0.18518518518518517,0.23076923076923078,0.41595441595441596,1987,Stephen Cole,29
finnebr01,2016,511500,33,53,4,6,0,2,0,3,18,0.11320754716981132,0.16071428571428573,-0.4528301886792453,-0.2921159029649596,1993,Brandon Kyle,23
fistedo01,2016,7000000,32,5,0,1,0,2,0,0,1,0.2,0.2,0.2,0.4,1984,Douglas Wildes,32
flahery01,2016,1500000,74,157,16,34,3,15,2,17,48,0.21656050955414013,0.29310344827586204,-0.12101910828025478,0.17208433999560727,1986,Ryan Edward,30
florera02,2016,508800,104,249,18,51,2,19,3,31,58,0.20481927710843373,0.29285714285714287,-0.07630522088353414,0.21655192197360873,1992,Ramon,24
florewi01,2016,526014,103,307,38,82,16,49,1,23,48,0.2671009771986971,0.3181818181818182,0.495114006514658,0.8132958246964761,1991,Wilmer Alejandro,25
flowety01,2016,2000000,83,281,27,76,8,41,0,29,91,0.2704626334519573,0.3387096774193548,0.042704626334519574,0.3814143037538744,1986,Cole Tyler,30
floydga01,2016,1000000,28,1,0,0,0,0,0,0,0,0,0,0,0,1983,Gavin Christopher,33
forsylo01,2016,2250000,127,511,76,135,20,52,6,46,127,0.26418786692759294,0.3249551166965889,0.2328767123287671,0.557831829025356,1987,John Logan,29
fowlede01,2016,8000000,125,456,84,126,13,48,13,79,124,0.27631578947368424,0.38317757009345793,0.02412280701754386,0.4073003771110018,1986,William Dexter,30
francje02,2016,1000000,125,307,33,78,7,34,2,20,90,0.254071661237785,0.2996941896024465,0.11400651465798045,0.41370070426042693,1984,Jeffrey Braden,32
francma02,2016,517500,152,581,67,148,25,88,1,40,106,0.2547332185886403,0.3027375201288245,0.39070567986230637,0.6934431999911308,1992,Maikel Antonio,24
frazito01,2016,8250000,158,590,89,133,40,98,15,64,163,0.22542372881355932,0.3012232415902141,0.11016949152542373,0.4113927331156378,1986,Todd Brian,30
freemfr01,2016,12359375,158,589,102,178,34,91,6,89,171,0.30220713073005095,0.3938053097345133,0.1969439728353141,0.5907492825698274,1989,Frederick Charles,27
freesda01,2016,3000000,141,437,63,118,13,55,0,45,142,0.2700228832951945,0.3381742738589212,0.043478260869565216,0.38165253472848637,1983,David Richard,33
fryerer01,2016,575000,60,116,19,31,0,13,0,13,25,0.2672413793103448,0.34108527131782945,0.14655172413793102,0.48763699545576045,1985,Eric Joseph,31
fuentre01,2016,508450,13,41,2,13,0,5,0,3,8,0.3170731707317073,0.36363636363636365,0.4146341463414634,0.7782705099778271,1991,Reymond Louis,25
gallayo01,2016,8728776,24,4,1,2,0,0,0,1,1,0.5,0.6,0.5,1.1,1986,Yovani,30
galvifr01,2016,2000000,158,584,61,141,20,67,17,25,136,0.24143835616438356,0.27257799671592775,0.2756849315068493,0.5482629282227771,1989,Freddy Jose,27
gantjo01,2016,507500,20,7,0,0,0,0,0,0,1,0,0,-0.2857142857142857,-0.2857142857142857,1992,John Michael,24
garciad01,2016,508750,134,532,65,145,14,65,3,24,93,0.2725563909774436,0.3039568345323741,0.4567669172932331,0.7607237518256071,1985,Adonis,31
garciav01,2016,2100000,120,413,59,101,12,51,4,34,115,0.24455205811138014,0.30201342281879195,0.09927360774818401,0.40128703056697596,1991,Avisail Antonio,25
garcigr01,2016,507500,99,214,33,59,3,17,1,38,50,0.2757009345794392,0.38492063492063494,0.04672897196261682,0.43164960688325177,1989,Greg Joseph,27
garcija01,2016,6500000,62,0,0,0,0,0,0,0,0,0,0,0,0,1980,Santiago,36
garcija02,2016,11500000,32,41,3,7,0,4,0,2,17,0.17073170731707318,0.20930232558139536,-0.4146341463414634,-0.20533182076006803,1986,Jaime Omar,30
garciyi01,2016,517500,9,0,0,0,0,0,0,0,0,0,0,0,0,1990,Yimi,26
gardnbr01,2016,13500000,148,547,80,143,7,41,16,70,106,0.26142595978062155,0.34521880064829824,0.17915904936014626,0.5243778500084445,1983,Brett Michael,33
garzama01,2016,12209424,19,28,1,1,0,0,0,2,17,0.03571428571428571,0.1,-1.25,-1.15,1983,Matthew Scott,33
gattiev01,2016,3300000,128,447,58,112,32,72,2,43,127,0.2505592841163311,0.3163265306122449,0.2058165548098434,0.5221430854220883,1986,James Evan,30
gausmke01,2016,532000,30,2,0,0,0,0,0,1,2,0,0.3333333333333333,-3,-2.6666666666666665,1991,Kevin John,25
gearrco01,2016,550000,56,1,0,1,0,0,0,0,0,1,1,3,4,1986,Cory Nathanial,30
geedi01,2016,2000000,33,1,0,0,0,0,0,0,0,0,0,0,0,1986,Dillon Kyle,30
geltzst01,2016,519300,27,0,0,0,0,0,0,0,0,0,0,0,0,1987,Steven Andrew,29
gennesc01,2016,518100,136,498,58,131,14,56,8,38,114,0.26305220883534136,0.31529850746268656,0.26305220883534136,0.5783507162980279,1990,Ryan Joseph,26
gentrcr01,2016,1000000,14,34,2,5,0,2,0,3,6,0.14705882352941177,0.21621621621621623,-0.08823529411764706,0.12798092209856915,1983,Craig Alan,33
giavojo01,2016,532500,99,346,44,90,6,31,4,13,39,0.26011560693641617,0.28690807799442897,0.5317919075144508,0.8186999855088798,1987,Johnny Arthur,29
gibsoky01,2016,587500,25,7,1,0,0,0,0,1,5,0,0.125,-1.7142857142857142,-1.5892857142857142,1987,Kyle Benjamin,29
gileske01,2016,528200,69,0,0,0,0,0,0,0,0,0,0,0,0,1990,Kenneth Robert,26
gimench01,2016,975000,68,139,17,30,4,11,0,10,41,0.2158273381294964,0.2684563758389262,0,0.2684563758389262,1982,Christopher Paul,34
givenmy01,2016,511500,66,2,0,0,0,0,0,0,1,0,0,-1,-1,1990,Mychal Antonio,26
goeddty01,2016,507500,92,213,17,41,4,16,3,17,52,0.19248826291079812,0.25217391304347825,-0.014084507042253521,0.23808940600122472,1992,Tyler David,24
goinsry01,2016,520200,77,183,13,34,3,12,1,9,48,0.18579234972677597,0.22395833333333334,-0.01639344262295082,0.20756489071038253,1988,Ryan Matthew,28
goldspa01,2016,5833333,158,579,106,172,24,95,32,110,150,0.2970639032815199,0.409288824383164,0.11744386873920552,0.5267326931223695,1987,Paul Edward,29
gomesya01,2016,2583333,74,251,22,42,9,34,0,9,69,0.16733067729083664,0.19615384615384615,-0.01195219123505976,0.1842016549187864,1987,Yan,29
gomezca01,2016,9000000,118,411,45,95,13,53,18,34,136,0.23114355231143552,0.2898876404494382,-0.038929440389294405,0.2509582000601438,1985,Carlos Argelis,31
gomezje01,2016,1400000,70,0,0,0,0,0,0,0,0,0,0,0,0,1988,Jeanmar Alejandro,28
gonzaad01,2016,21000000,156,568,69,162,18,90,0,55,117,0.2852112676056338,0.34831460674157305,0.34507042253521125,0.6933850292767842,1982,Adrian Sabin,34
gonzaca01,2016,17428571,150,584,87,174,25,100,2,46,129,0.2979452054794521,0.3492063492063492,0.4229452054794521,0.7721515546858013,1985,Carlos Eduardo,31
gonzagi01,2016,12100000,32,52,1,7,0,2,0,0,24,0.1346153846153846,0.1346153846153846,-0.5192307692307693,-0.3846153846153847,1985,Giovany Aramis,31
gonzama01,2016,2000000,141,484,55,123,13,51,12,22,118,0.25413223140495866,0.2865612648221344,0.2644628099173554,0.5510240747394898,1989,Marwin Javier,27
gordoal01,2016,12000000,128,445,62,98,17,40,8,52,148,0.2202247191011236,0.30181086519114686,-0.12359550561797752,0.17821535957316934,1984,Alex Jonathan,32
gordode01,2016,3242202,79,325,47,87,1,14,30,18,55,0.2676923076923077,0.30612244897959184,0.3630769230769231,0.6691993720565149,1988,Devaris,28
gorete01,2016,508500,17,3,6,0,0,0,11,0,1,0,0,-0.6666666666666666,-0.6666666666666666,1991,Terrance Jamar,25
gosean01,2016,525000,30,91,11,19,2,7,0,9,38,0.2087912087912088,0.28,-0.34065934065934067,-0.060659340659340644,1990,Anthony Robert,26
gosseph01,2016,513900,122,220,26,61,2,13,3,15,46,0.2772727272727273,0.32340425531914896,0.30454545454545456,0.6279497098646035,1988,Philip David,28
grandcu01,2016,16000000,150,545,88,129,30,59,4,74,130,0.23669724770642203,0.32794830371567046,0.12660550458715597,0.45455380830282643,1981,Curtis,35
grandya01,2016,2800000,126,390,49,89,27,72,1,64,116,0.2282051282051282,0.3370044052863436,-0.03076923076923077,0.30623517451711285,1988,Yasmani,28
graveke01,2016,512500,31,4,0,0,0,0,0,0,3,0,0,-1.5,-1.5,1990,Kendall Chase,26
grayjo02,2016,509500,29,47,2,7,0,4,0,2,30,0.14893617021276595,0.1836734693877551,-0.9148936170212766,-0.7312201476335215,1991,Jonathan Charles,25
grayso01,2016,527500,22,2,0,0,0,0,0,0,1,0,0,-1,-1,1989,Sonny Douglas,27
greensh02,2016,517000,50,2,0,0,0,0,0,0,0,0,0,0,0,1988,Shane,28
gregelu01,2016,6750000,59,0,0,0,0,0,0,0,0,0,0,0,0,1984,Lucas John,32
gregodi01,2016,2425000,153,562,68,155,20,70,7,19,82,0.27580071174377224,0.29948364888123924,0.5747330960854092,0.8742167449666485,1990,Mariekson Julius,26
greinza01,2016,31799030,27,52,4,11,0,3,1,3,9,0.21153846153846154,0.2545454545454545,0.17307692307692307,0.4276223776223776,1983,Donald Zachary,33
grichra01,2016,520000,132,446,66,107,24,68,5,28,141,0.2399103139013453,0.2848101265822785,0.12331838565022421,0.4081285122325027,1991,Randal Alexander,25
grillja01,2016,3625000,67,0,0,0,0,0,0,0,0,0,0,0,0,1976,Jason Michael,40
grimmju01,2016,1275000,68,0,0,0,0,0,0,0,0,0,0,0,0,1988,Justin Scott,28
gurkaja01,2016,660000,6,0,0,0,0,0,0,0,0,0,0,0,0,1988,Jason Isidore,28
gutiefr01,2016,1500000,98,248,33,61,14,39,1,29,85,0.24596774193548387,0.3249097472924188,-0.012096774193548387,0.3128129730988704,1983,Franklin Rafael,33
guyerbr01,2016,1185000,101,293,39,78,9,32,3,19,55,0.26621160409556316,0.3108974358974359,0.38566552901023893,0.6965629649076748,1986,Brandon Eric,30
gyorkje01,2016,4000000,128,400,58,97,30,59,0,37,96,0.2425,0.30663615560640733,0.2875,0.5941361556064073,1988,Jedd Lindon,28
hamelco01,2016,22500000,32,8,0,1,0,0,0,0,1,0.125,0.125,0.125,0.25,1983,Colbert Michael,33
hamilbi02,2016,570000,119,411,69,107,3,17,58,36,93,0.26034063260340634,0.319910514541387,0.17518248175182483,0.49509299629321185,1990,Billy R.,26
hammeja01,2016,9000000,35,65,6,16,0,7,0,1,24,0.24615384615384617,0.25757575757575757,-0.03076923076923077,0.2268065268065268,1982,Jason Aaron,34
hanigry01,2016,3700000,35,105,9,18,1,14,0,7,27,0.17142857142857143,0.22321428571428573,-0.10476190476190476,0.11845238095238096,1980,Ryan Michael,36
happja01,2016,10000000,32,7,2,2,0,0,0,0,3,0.2857142857142857,0.2857142857142857,0,0.2857142857142857,1982,James Anthony,34
hardybl01,2016,520500,21,0,0,0,0,0,0,0,0,0,0,0,0,1987,Blaine Patrick,29
hardyjj01,2016,12209424,115,405,43,109,9,48,0,26,68,0.2691358024691358,0.31322505800464034,0.40987654320987654,0.7231016012145168,1982,James Jerry,34
harpebr03,2016,5000000,147,506,84,123,24,86,21,108,117,0.24308300395256918,0.3762214983713355,-0.017786561264822136,0.35843493710651336,1992,Bryce Aron Max,24
harrijo05,2016,5250000,131,487,57,138,4,59,19,18,76,0.28336755646817247,0.3089108910891089,0.4887063655030801,0.7976172565921891,1987,Joshua Isaiah,29
harriwi02,2016,525500,66,0,0,0,0,0,0,0,0,0,0,0,0,1984,William Taylor,32
harvema01,2016,4325000,17,22,2,3,0,0,0,0,8,0.13636363636363635,0.13636363636363635,-0.3181818181818182,-0.18181818181818182,1989,Matthew Edward,27
hatchch02,2016,1065000,37,3,0,1,0,1,0,0,0,0.3333333333333333,0.3333333333333333,1,1.3333333333333333,1985,David Christopher,31
hazelje01,2016,507500,114,200,35,47,12,28,5,18,64,0.235,0.2981651376146789,0.065,0.3631651376146789,1987,Jeremy Philip,29
headlch01,2016,13000000,140,467,58,118,14,51,8,51,118,0.25267665952890794,0.32625482625482627,0.12419700214132762,0.4504518283961539,1984,Chase Jordan,32
heanean01,2016,515000,1,0,0,0,0,0,0,0,0,0,0,0,0,1991,Andrew Mark,25
hechaad01,2016,2625000,155,508,52,120,3,38,1,33,73,0.23622047244094488,0.2828096118299446,0.3090551181102362,0.5918647299401808,1989,Adeiny,27
heisech01,2016,1250000,83,139,18,30,9,17,0,13,44,0.2158273381294964,0.28289473684210525,0.02158273381294964,0.30447747065505487,1984,Chris J.,32
hellije01,2016,7000000,32,54,3,9,0,4,0,4,24,0.16666666666666666,0.22413793103448276,-0.5370370370370371,-0.31289910600255433,1987,Jeremy Robert,29
hendeji01,2016,600000,44,0,0,0,0,0,0,0,0,0,0,0,0,1982,James Duffy,34
hendrky01,2016,541000,32,58,1,8,0,2,0,1,29,0.13793103448275862,0.15254237288135594,-0.6206896551724138,-0.46814728229105784,1989,Kyle Christian,27
hendrli01,2016,523400,53,0,0,0,0,0,0,0,0,0,0,0,0,1989,Liam Johnson,27
hernace02,2016,525000,155,547,67,161,6,39,17,66,116,0.2943327239488117,0.3703099510603589,0.25045703839122485,0.6207669894515837,1990,Cesar Augusto,26
hernada01,2016,3900000,70,0,0,0,0,0,0,0,0,0,0,0,0,1985,David Jose,31
hernaen02,2016,520000,109,216,25,41,7,18,2,28,64,0.18981481481481483,0.2827868852459016,-0.18518518518518517,0.09760170006071645,1991,Enrique J.,25
hernafe02,2016,25857143,25,6,0,0,0,0,0,0,3,0,0,-1,-1,1986,Felix Abraham Graham,30
herreke01,2016,2550000,72,0,0,0,0,0,0,0,0,0,0,0,0,1989,Kelvin De Jesus,27
herreod01,2016,528000,159,583,87,167,15,49,25,63,134,0.2864493996569468,0.3560371517027864,0.2607204116638079,0.6167575633665943,1991,David Odubel,25
herrmch01,2016,515900,56,148,21,42,6,28,4,16,44,0.28378378378378377,0.35365853658536583,0.16216216216216217,0.515820698747528,1987,Christopher Ryan,29
hestoch01,2016,530000,4,0,0,0,0,0,0,0,0,0,0,0,0,1988,Christopher L.,28
heywaja01,2016,19555288,142,530,61,122,7,49,11,54,93,0.23018867924528302,0.3013698630136986,0.17547169811320754,0.4768415611269061,1989,Jason Alias,27
hicksaa01,2016,574000,123,327,32,71,8,31,3,30,68,0.21712538226299694,0.28291316526610644,0.12538226299694188,0.4082954282630483,1989,Aaron Michael,27
hillaa01,2016,12000000,125,378,48,99,10,38,4,41,59,0.2619047619047619,0.3341288782816229,0.335978835978836,0.6701077142604589,1982,Aaron Walter,34
hillri01,2016,6000000,20,12,0,0,0,0,0,0,8,0,0,-1.3333333333333333,-1.3333333333333333,1980,Richard Joseph,36
hinojda01,2016,514000,10,0,0,0,0,0,0,0,0,0,0,0,0,1986,Dalier,30
hochelu01,2016,5500000,40,0,0,0,0,0,0,0,0,0,0,0,0,1983,Luke Anthony,33
holadbr01,2016,519000,44,117,17,27,2,14,0,7,28,0.23076923076923078,0.27419354838709675,0.1452991452991453,0.4194926936862421,1987,John Bryan,29
hollima01,2016,17000000,110,382,48,94,20,62,0,35,71,0.24607329842931938,0.30935251798561153,0.3403141361256545,0.649666654111266,1980,Matthew Thomas,36
holtbr01,2016,606000,94,290,45,74,7,34,4,27,58,0.25517241379310346,0.3186119873817035,0.2517241379310345,0.5703361253127379,1988,Brock Wyatt,28
holtty01,2016,508000,106,179,21,42,0,13,4,23,48,0.2346368715083799,0.3217821782178218,-0.0893854748603352,0.23239670335748658,1989,Tyler Andrew,27
hoovejj01,2016,1400000,18,0,0,0,0,0,0,0,0,0,0,0,0,1987,James Allen,29
hosmeer01,2016,8250000,158,605,80,161,25,104,5,57,132,0.26611570247933886,0.3293051359516616,0.2975206611570248,0.6268257971086864,1989,Eric John,27
howeljp01,2016,6250000,64,2,0,0,0,0,0,0,2,0,0,-2,-2,1983,James Phillip,33
hudsoda01,2016,2700000,70,0,0,0,0,0,0,0,0,0,0,0,0,1987,Daniel Claiborne,29
hugheja02,2016,2175000,67,1,0,0,0,0,0,0,1,0,0,-2,-2,1985,William Jared,31
hugheph01,2016,9200000,12,2,0,0,0,0,0,0,2,0,0,-2,-2,1986,Philip Joseph,30
hundlni01,2016,3150000,83,289,30,75,10,48,0,25,65,0.25951557093425603,0.3184713375796178,0.25951557093425603,0.5779869085138738,1983,Nicholas John,33
huntece01,2016,507500,13,34,3,3,1,1,0,2,6,0.08823529411764706,0.1388888888888889,-0.11764705882352941,0.021241830065359485,1988,Cedric Scott,28
hunteto02,2016,2000000,33,0,0,0,0,0,0,0,0,0,0,0,0,1986,Raymond Thomas,30
iannech01,2016,4250000,94,295,23,62,7,24,0,38,83,0.21016949152542372,0.3003003003003003,-0.11864406779661017,0.18165623250369012,1983,Christopher Domenic,33
iglesjo01,2016,2100000,137,467,57,119,4,32,7,28,50,0.25481798715203424,0.296969696969697,0.45610278372591007,0.7530724806956071,1990,Jose Antonio,26
iglesra01,2016,3214285,37,11,0,1,0,0,0,0,2,0.09090909090909091,0.09090909090909091,-0.09090909090909091,0,1990,Raisel,26
inciaen01,2016,523000,131,522,85,152,3,29,16,45,68,0.29118773946360155,0.3474426807760141,0.4578544061302682,0.8052970869062823,1990,Ender David,26
infanom01,2016,7750000,39,134,16,32,0,11,0,9,23,0.23880597014925373,0.2867132867132867,0.23880597014925373,0.5255192568625404,1981,Omar Rafael,35
iwakuhi01,2016,10976096,33,2,0,0,0,0,0,0,1,0,0,-1,-1,1981,Hisashi,35
jacksau01,2016,5000000,54,181,24,46,0,18,2,17,39,0.2541436464088398,0.3181818181818182,0.143646408839779,0.4618282270215972,1987,Austin Jarriel,29
jacksed01,2016,507500,24,23,2,5,0,2,1,3,11,0.21739130434782608,0.3076923076923077,-0.5652173913043478,-0.2575250836120401,1983,Edwin,33
jackslu01,2016,508500,8,0,0,0,0,0,0,0,0,0,0,0,0,1991,Luke Ray,25
jankotr01,2016,508800,131,335,53,82,2,12,30,42,100,0.24477611940298508,0.32891246684350134,-0.0955223880597015,0.23339007878379986,1991,Travis Paul,25
janseke01,2016,10650000,72,0,0,0,0,0,0,0,0,0,0,0,0,1987,Kenley Geronimo,29
jasojo01,2016,4000000,132,380,45,102,8,42,0,45,74,0.26842105263157895,0.3458823529411765,0.24210526315789474,0.5879876160990712,1983,John Edward,33
jayjo02,2016,6225000,90,347,49,101,2,26,2,19,78,0.2910662824207493,0.32786885245901637,0.3314121037463977,0.659280956205414,1985,Jonathan Henry,31
jeffrje01,2016,519100,59,0,0,0,0,0,0,0,0,0,0,0,0,1987,Jeremy Ross,29
jennida01,2016,810000,64,0,0,0,0,0,0,0,0,0,0,0,0,1987,Daniel Lee,29
jennide01,2016,3300000,65,200,22,40,7,20,2,21,58,0.2,0.27601809954751133,-0.085,0.1910180995475113,1986,Desmond Delane,30
jepseke01,2016,5312000,58,0,0,0,0,0,0,0,0,0,0,0,0,1984,Kevin Martin,32
jimenub01,2016,12673102,30,4,0,0,0,0,0,0,1,0,0,-0.5,-0.5,1984,Ubaldo,32
johnsch05,2016,8007500,113,243,20,54,5,24,0,19,78,0.2222222222222222,0.2786259541984733,-0.06995884773662552,0.20866710646184777,1984,Christopher Dalton,32
johnsji04,2016,2500000,65,1,0,0,0,0,0,0,1,0,0,-2,-2,1983,James Robert,33
johnske05,2016,2000000,131,304,25,75,10,34,4,25,65,0.24671052631578946,0.303951367781155,0.24671052631578946,0.5506618940969444,1982,Kelly Andrew,34
jonesad01,2016,16329674,152,619,86,164,29,83,2,39,115,0.2649434571890145,0.30851063829787234,0.4378029079159935,0.7463135462138659,1985,Adam LaMarque,31
jonesna01,2016,900000,71,0,0,0,0,0,0,0,0,0,0,0,0,1986,Nathan Andrew,30
josepca01,2016,523500,49,132,7,23,0,0,0,7,28,0.17424242424242425,0.2158273381294964,-0.007575757575757576,0.20825158055373882,1986,Caleb Martin,30
joycema01,2016,1000000,140,231,45,56,13,42,1,59,67,0.24242424242424243,0.39655172413793105,-0.19480519480519481,0.20174652933273624,1984,Matthew Ryan,32
jungmta01,2016,518500,8,8,1,1,0,0,0,0,4,0.125,0.125,-0.625,-0.5,1989,Taylor Heath,27
kangju01,2016,2500000,103,318,45,81,21,62,3,36,79,0.25471698113207547,0.3305084745762712,0.2389937106918239,0.569502185268095,1987,Jung Ho,29
karnsna01,2016,523700,22,1,0,0,0,0,0,0,0,0,0,0,0,1987,Nathan Alan,29
kazmisc01,2016,14985384,27,43,3,5,0,2,0,1,24,0.11627906976744186,0.13636363636363635,-0.813953488372093,-0.6775898520084567,1984,Scott Edward,32
kelake01,2016,518000,35,0,0,0,0,0,0,0,0,0,0,0,0,1993,Keone Cole,23
kellesh01,2016,4000000,67,1,0,0,0,0,0,0,1,0,0,-2,-2,1984,Shawn Andrew,32
kellyjo05,2016,2600000,20,0,0,0,0,0,0,0,0,0,0,0,0,1988,Joseph William,28
kempma01,2016,21500000,156,623,89,167,35,108,1,36,156,0.2680577849117175,0.30804248861911987,0.3563402889245586,0.6643827775436785,1984,Matthew Ryan,32
kendrho01,2016,9540378,146,487,65,124,8,40,10,50,96,0.2546201232032854,0.3240223463687151,0.2135523613963039,0.537574707765019,1983,Howard Joseph,33
kenneia01,2016,7500000,33,3,0,0,0,0,0,0,2,0,0,-1.3333333333333333,-1.3333333333333333,1984,Ian Patrick,32
kensilo01,2016,575000,3,0,0,0,0,0,0,0,0,0,0,0,0,1982,Logan French,34
kershcl01,2016,33000000,23,46,2,8,0,3,0,1,12,0.17391304347826086,0.19148936170212766,-0.043478260869565216,0.14801110083256244,1988,Clayton Edward,28
keuchda01,2016,7250000,26,2,0,0,0,0,0,0,0,0,0,0,0,1988,Dallas,28
kiermke01,2016,514400,105,366,55,90,12,37,21,40,74,0.2459016393442623,0.32019704433497537,0.21311475409836064,0.533311798433336,1990,Kevin James,26
kimbrcr01,2016,11000000,57,0,0,0,0,0,0,0,0,0,0,0,0,1988,Craig Michael,28
kimhy01,2016,2800000,95,305,36,92,6,22,1,36,51,0.3016393442622951,0.375366568914956,0.39344262295081966,0.7688091918657757,1988,Hyun Soo,28
kinslia01,2016,14000000,153,618,117,178,28,83,14,45,115,0.28802588996763756,0.33634992458521873,0.48220064724919093,0.8185505718344097,1982,Ian Michael,34
kipnija01,2016,6166667,156,610,91,168,23,82,15,60,146,0.2754098360655738,0.3402985074626866,0.2639344262295082,0.6042329336921948,1987,Jason Michael,29
kleinph01,2016,509500,12,2,0,0,0,0,0,0,2,0,0,-2,-2,1989,Phil William,27
klubeco01,2016,4700000,32,4,1,1,0,0,0,0,3,0.25,0.25,-0.75,-0.5,1986,Corey Scott,30
knebeco01,2016,513000,35,0,0,0,0,0,0,0,0,0,0,0,0,1991,Corey Andrew,25
koehlto01,2016,3500000,33,51,1,5,0,4,0,1,28,0.09803921568627451,0.11538461538461539,-0.8431372549019608,-0.7277526395173454,1986,Thomas Rolf,30
kontoge01,2016,1150000,57,0,0,0,0,0,0,0,0,0,0,0,0,1985,George Nicholas,31
kratzer01,2016,850000,33,85,3,8,1,4,0,1,32,0.09411764705882353,0.10465116279069768,-0.4588235294117647,-0.354172366621067,1980,Erik Floyd,36
lackejo01,2016,16000000,29,63,1,6,0,2,0,2,31,0.09523809523809523,0.12307692307692308,-0.7619047619047619,-0.6388278388278388,1978,John Derran,38
lagarju01,2016,2500000,79,142,15,34,3,9,4,11,27,0.23943661971830985,0.29411764705882354,0.24647887323943662,0.5405965202982601,1989,Juan Osvaldo,27
lambja01,2016,520300,151,523,81,130,29,91,6,64,154,0.248565965583174,0.33049403747870526,0.07839388145315487,0.40888791893186016,1990,Jacob Ryan,26
lambjo02,2016,507500,14,20,0,1,0,0,0,1,12,0.05,0.09523809523809523,-1.15,-1.0547619047619046,1990,John Michael,26
lamboan01,2016,3000000,1,1,0,0,0,0,0,0,0,0,0,0,0,1988,Andrew Francis,28
lasteto01,2016,532000,74,148,17,40,2,11,0,18,27,0.2702702702702703,0.3493975903614458,0.24324324324324326,0.5926408336046891,1989,Thomas Frank,27
lawribr01,2016,4125000,94,351,35,87,12,36,7,30,109,0.24786324786324787,0.30708661417322836,0.05413105413105413,0.3612176683042825,1990,Brett Russell,26
layneto01,2016,563750,63,0,0,0,0,0,0,0,0,0,0,0,0,1984,Thomas Kevin,32
leakemi01,2016,12000000,34,49,3,7,0,4,0,3,19,0.14285714285714285,0.19230769230769232,-0.46938775510204084,-0.2770800627943485,1987,Michael Raymond,29
leeda02,2016,1000000,104,292,33,74,14,49,0,20,74,0.2534246575342466,0.30128205128205127,0.2602739726027397,0.561556023884791,1982,Dae-ho,34
lemahdj01,2016,3000000,146,552,104,192,11,66,11,66,80,0.34782608695652173,0.4174757281553398,0.5742753623188406,0.9917510904741804,1988,David John,28
leonar01,2016,510500,2,0,0,0,0,0,0,0,0,0,0,0,0,1988,Alex Arnold,28
lestejo01,2016,25000000,33,59,3,6,0,6,0,6,18,0.1016949152542373,0.18461538461538463,-0.5084745762711864,-0.3238591916558018,1984,Jonathan Tyler,32
lewisco01,2016,6000000,19,0,0,0,0,0,0,0,0,0,0,0,0,1979,Colby Preston,37
lindad01,2016,8000000,126,401,48,96,20,58,0,26,89,0.23940149625935161,0.2857142857142857,0.2942643391521197,0.5799786248664054,1983,Adam Alan,33
lindofr01,2016,540300,158,604,99,182,15,78,19,57,88,0.30132450331125826,0.3615733736762481,0.49834437086092714,0.8599177445371753,1993,Francisco Miguel,23
liriafr01,2016,13666667,33,42,2,12,1,5,0,0,16,0.2857142857142857,0.2857142857142857,0.16666666666666666,0.45238095238095233,1983,Francisco Casillas,33
lobatjo01,2016,1387500,39,99,10,23,3,8,0,12,18,0.23232323232323232,0.3153153153153153,0.18181818181818182,0.49713349713349714,1984,Jose Manuel,32
lobstky01,2016,520000,14,2,0,0,0,0,0,0,1,0,0,-1,-1,1989,Kyle Eric,27
lockeje01,2016,3025000,31,32,0,4,0,0,0,1,17,0.125,0.15151515151515152,-0.75,-0.5984848484848485,1987,Jeffrey Alan,29
loganbo02,2016,6250000,66,0,0,0,0,0,0,0,0,0,0,0,0,1984,Boone,32
longoev01,2016,12600018,160,633,81,173,36,98,0,42,144,0.27330173775671407,0.31851851851851853,0.4028436018957346,0.7213621204142531,1985,Evan Michael,31
lopezja02,2016,5000000,68,1,0,0,0,0,0,0,1,0,0,-2,-2,1977,Javier Alfonso,39
lorenmi01,2016,516500,36,5,1,1,1,3,0,0,2,0.2,0.2,0.4,0.6000000000000001,1992,Michael Clifton,24
loupaa01,2016,1050000,21,0,0,0,0,0,0,0,0,0,0,0,0,1987,Aaron Christopher,29
lowema01,2016,5500000,54,0,0,0,0,0,0,0,0,0,0,0,0,1983,Mark Christopher,33
lowrije01,2016,7500000,87,338,30,89,2,27,0,26,65,0.26331360946745563,0.3159340659340659,0.2692307692307692,0.5851648351648351,1984,Jed Carlson,32
lucrojo01,2016,4100000,142,490,67,143,24,81,5,47,100,0.29183673469387755,0.3538175046554935,0.42244897959183675,0.7762664842473302,1986,Jonathan Charles,30
luebkco01,2016,1000000,9,0,0,0,0,0,0,0,0,0,0,0,0,1985,Cory Robert,31
lylesjo01,2016,2975000,40,8,0,0,0,0,0,0,4,0,0,-1,-1,1990,Jordan Horton,26
lyonsty01,2016,512500,30,4,0,0,0,0,0,0,2,0,0,-1,-1,1988,Tyler William,28
machama01,2016,5000000,157,640,105,188,37,96,0,48,120,0.29375,0.3430232558139535,0.5296875,0.8727107558139535,1992,Manuel Arturo,24
madsory01,2016,6666667,63,1,0,0,0,0,0,0,1,0,0,-2,-2,1980,Ryan Michael,36
maedake01,2016,3125000,35,57,5,7,1,4,0,1,16,0.12280701754385964,0.13793103448275862,-0.17543859649122806,-0.03750756200846944,1988,Kenta,28
maldoma01,2016,1125000,76,208,21,42,8,21,1,35,56,0.20192307692307693,0.3168724279835391,-0.15384615384615385,0.16302627413738524,1986,Martin Benjamin,30
manesse01,2016,1400000,29,1,0,0,0,0,0,0,1,0,0,-2,-2,1988,Michael Seth,28
manshje01,2016,765000,53,0,0,0,0,0,0,0,0,0,0,0,0,1985,Jeffrey Michael,31
margoma01,2016,512500,10,37,4,9,0,3,2,0,7,0.24324324324324326,0.24324324324324326,0.35135135135135137,0.5945945945945946,1994,Manuel,22
marisja01,2016,519500,118,287,40,60,5,21,10,16,83,0.20905923344947736,0.2508250825082508,-0.010452961672473868,0.24037212083577694,1991,Jacob Shawn,25
markani01,2016,11000000,158,599,67,161,13,89,0,71,101,0.2687813021702838,0.34626865671641793,0.29716193656093487,0.6434305932773527,1983,Nicholas William,33
marteke01,2016,515400,119,437,55,113,1,33,11,18,84,0.2585812356979405,0.2879120879120879,0.3157894736842105,0.6037015615962984,1993,Ketel Ricardo,23
martest01,2016,3333333,129,489,71,152,9,46,47,23,104,0.310838445807771,0.341796875,0.46830265848670755,0.8100995334867076,1988,Starling Javier,28
martica04,2016,539000,33,59,5,14,0,6,0,0,13,0.23728813559322035,0.23728813559322035,0.2711864406779661,0.5084745762711864,1991,Carlos Ernesto,25
martijd02,2016,6750000,120,460,69,141,22,68,1,49,128,0.3065217391304348,0.37328094302554027,0.29347826086956524,0.6667592038951056,1987,Julio Daniel,29
martile01,2016,4150000,143,518,72,128,15,47,24,44,149,0.2471042471042471,0.30604982206405695,0.08301158301158301,0.38906140507563997,1988,Leonys,28
martiru01,2016,15000000,137,455,62,105,20,74,2,64,148,0.23076923076923078,0.325626204238921,-0.1076923076923077,0.21793389654661333,1983,Russell Nathan Coltrane,33
martivi01,2016,18000000,154,553,65,160,27,86,0,50,90,0.28933092224231466,0.3482587064676617,0.5081374321880651,0.8563961386557268,1978,Victor Jesus,38
mathije01,2016,1500000,41,126,12,30,2,15,0,4,36,0.23809523809523808,0.26153846153846155,0.12698412698412698,0.38852258852258853,1983,Jeffrey Stephen,33
matusbr01,2016,3900000,8,0,0,0,0,0,0,0,0,0,0,0,0,1987,Brian Robert,29
matzst01,2016,515750,24,36,0,5,0,2,0,4,11,0.1388888888888889,0.225,-0.4166666666666667,-0.19166666666666668,1991,Steven Jakob,25
mauerjo01,2016,23000000,134,494,68,129,11,49,2,79,93,0.2611336032388664,0.36300174520069806,0.15384615384615385,0.5168478990468519,1983,Joseph Patrick,33
maurebr01,2016,526400,71,0,0,0,0,0,0,0,0,0,0,0,0,1990,Brandon Eugene,26
maybica01,2016,8000000,94,349,65,110,4,43,15,36,69,0.3151862464183381,0.37922077922077924,0.37822349570200575,0.757444274922785,1987,Cameron Keith,29
mcallza01,2016,1300000,53,0,0,0,0,0,0,0,0,0,0,0,0,1987,Zachary Taylor,29
mccanbr01,2016,17000000,130,429,56,104,20,58,1,54,99,0.24242424242424243,0.32712215320910976,0.15384615384615385,0.4809683070552636,1984,Brian Michael,32
mccanja02,2016,519500,105,344,31,76,12,48,0,23,109,0.22093023255813954,0.26975476839237056,0,0.26975476839237056,1990,James Thomas,26
mccarbr01,2016,12500000,10,13,0,0,0,1,0,2,6,0,0.13333333333333333,-1.2307692307692308,-1.0974358974358975,1983,Brandon Patrick,33
mcculla02,2016,516700,14,3,1,1,0,0,0,0,0,0.3333333333333333,0.3333333333333333,1,1.3333333333333333,1993,Lance Graye,23
mccutan01,2016,13208333,153,598,81,153,24,79,6,69,143,0.25585284280936454,0.3328335832083958,0.17892976588628762,0.5117633490946834,1986,Andrew Stefan,30
mcfartj01,2016,523500,16,0,0,0,0,0,0,0,0,0,0,0,0,1989,Timothy John,27
mcgeeja01,2016,4800000,57,0,0,0,0,0,0,0,0,0,0,0,0,1986,Jacob Daniel,30
mcgowdu01,2016,1000000,55,4,0,0,0,0,0,0,3,0,0,-1.5,-1.5,1982,Dustin Michael,34
mchugco01,2016,529000,33,6,0,0,0,0,0,0,2,0,0,-0.6666666666666666,-0.6666666666666666,1987,Collin Alexander,29
medlekr01,2016,5500000,6,0,0,0,0,0,0,0,0,0,0,0,0,1985,Kristopher Allen,31
melanma01,2016,9650000,75,0,0,0,0,0,0,0,0,0,0,0,0,1985,Mark David,31
mercejo03,2016,2075000,149,519,66,133,11,59,1,51,83,0.25626204238921,0.32280701754385965,0.3159922928709056,0.6387993104147652,1986,Jordy Joe,30
mesorde01,2016,5025000,16,50,2,7,0,1,0,5,10,0.14,0.21818181818181817,-0.18,0.03818181818181818,1988,Devin Douglas,28
mileywa01,2016,16329674,30,11,1,2,0,0,0,0,2,0.18181818181818182,0.18181818181818182,0.18181818181818182,0.36363636363636365,1986,Wade Allen,30
millean01,2016,9000000,70,0,0,0,0,0,0,0,0,0,0,0,0,1985,Andrew Mark,31
millebr02,2016,527600,152,548,73,133,30,81,6,47,149,0.2427007299270073,0.3025210084033613,0.177007299270073,0.47952830767343435,1989,Bradley Austin,27
milleju02,2016,509500,40,1,0,0,0,0,0,0,1,0,0,-2,-2,1987,Justin Ryan,29
millesh01,2016,4350000,21,32,4,4,0,0,0,0,21,0.125,0.125,-0.9375,-0.8125,1990,Shelby Charles,26
milonto01,2016,4500000,19,2,0,2,0,0,0,0,0,1,1,3,4,1987,Tomaso Anthony,29
mitchbr01,2016,516650,5,0,0,0,0,0,0,0,0,0,0,0,0,1991,Bryan Bedford,25
molinya01,2016,14200000,147,534,56,164,8,58,3,39,63,0.30711610486891383,0.3542757417102967,0.5842696629213483,0.938545404631645,1982,Yadier Benjamin,34
montemi01,2016,14000000,86,241,33,52,8,33,1,38,58,0.2157676348547718,0.3225806451612903,-0.04979253112033195,0.2727881140409584,1983,Miguel Angel,33
montgmi01,2016,515000,49,11,2,1,0,1,0,0,5,0.09090909090909091,0.09090909090909091,-0.6363636363636364,-0.5454545454545454,1989,Michael Paul,27
moorema02,2016,5100000,33,31,2,3,0,0,0,0,13,0.0967741935483871,0.0967741935483871,-0.5483870967741935,-0.4516129032258064,1989,Matthew Cody,27
moralfr01,2016,2000000,5,0,0,0,0,0,0,0,0,0,0,0,0,1986,Franklin Miguel,30
moralke01,2016,9000000,154,558,65,147,30,93,0,48,120,0.26344086021505375,0.3217821782178218,0.34946236559139787,0.6712445438092196,1983,Kendrys,33
morelmi01,2016,5700000,147,460,49,107,22,60,1,35,118,0.2326086956521739,0.2868686868686869,0.17608695652173914,0.46295564339042605,1985,Mitchell Austin,31
morinmi01,2016,520000,60,0,0,0,0,0,0,0,0,0,0,0,0,1991,Michael William,25
morribr01,2016,1350000,24,1,0,0,0,0,0,0,1,0,0,-2,-2,1987,Avery Bryan,29
morrilo01,2016,4200000,107,353,45,84,14,43,4,37,89,0.23796033994334279,0.31025641025641026,0.11898016997167139,0.42923658022808164,1987,Justis Logan,29
morsemi01,2016,8000000,6,8,0,0,0,0,0,0,2,0,0,-0.5,-0.5,1982,Michael John,34
mortoch02,2016,8000000,4,6,1,1,0,0,0,0,3,0.16666666666666666,0.16666666666666666,-0.5,-0.33333333333333337,1983,Charles Alfred,33
moscojo01,2016,508000,5,4,0,0,0,0,0,0,3,0,0,-1.5,-1.5,1991,Jonathan Solomon,25
mossbr01,2016,8250000,128,413,66,93,28,67,1,39,141,0.22518159806295399,0.2920353982300885,0.007263922518159807,0.29929932074824833,1983,Brandon Douglas,33
motteja01,2016,5000000,30,0,0,0,0,0,0,0,0,0,0,0,0,1982,Jason Louis,34
moustmi01,2016,5600000,27,104,12,25,7,13,0,9,13,0.2403846153846154,0.3008849557522124,0.5,0.8008849557522124,1988,Michael Christopher,28
murphda08,2016,8000000,142,531,88,184,25,104,5,35,57,0.3465160075329567,0.3869257950530035,0.8342749529190208,1.2212007479720244,1985,Daniel Thomas,31
murphjr01,2016,528700,26,82,4,12,1,3,0,5,19,0.14634146341463414,0.19540229885057472,-0.10975609756097561,0.08564620128959911,1991,John Ryan,25
myerswi01,2016,523900,157,599,99,155,28,94,28,68,160,0.2587646076794658,0.3343328335832084,0.15525876460767946,0.4895915981908879,1990,William Bradford,26
napolmi01,2016,7000000,150,557,92,133,34,101,5,78,194,0.23877917414721722,0.33228346456692914,-0.07719928186714542,0.2550841826997837,1981,Michael Anthony,35
naquity01,2016,507500,116,321,52,95,14,43,6,36,112,0.29595015576323985,0.36694677871148457,0.09657320872274143,0.463519987434226,1991,Tyler Wesley,25
narvech01,2016,1200000,6,3,0,0,0,0,0,0,2,0,0,-1.3333333333333333,-1.3333333333333333,1981,Christopher Gregg,35
navada01,2016,1375000,54,130,11,29,1,13,0,10,30,0.2230769230769231,0.2785714285714286,0.07692307692307693,0.3554945054945055,1983,Daniel James,33
navardi01,2016,4000000,101,304,26,63,6,35,1,23,71,0.20723684210526316,0.26299694189602446,0.0625,0.32549694189602446,1984,Dioner Favian,32
nelsoji02,2016,522300,32,50,1,4,0,3,0,2,32,0.08,0.11538461538461539,-1.12,-1.0046153846153847,1989,James Jacob,27
nerishe01,2016,515000,79,0,0,0,0,0,0,0,0,0,0,0,0,1989,Hector,27
neshepa01,2016,6500000,60,0,0,0,0,0,0,0,0,0,0,0,0,1980,Patrick John,36
nicasju01,2016,3000000,52,19,1,3,0,1,0,0,7,0.15789473684210525,0.15789473684210525,-0.2631578947368421,-0.10526315789473684,1986,Juan Ramon,30
niesejo01,2016,9000000,30,30,1,3,0,1,0,2,14,0.1,0.15625,-0.7666666666666667,-0.6104166666666667,1986,Jonathon Joseph,30
nieuwki01,2016,514000,125,335,38,70,13,44,8,56,133,0.208955223880597,0.32225063938618925,-0.3850746268656716,-0.06282398747948237,1987,Kirk Robert,29
nolaaa01,2016,517500,20,30,1,1,0,0,0,3,17,0.03333333333333333,0.12121212121212122,-1.2333333333333334,-1.1121212121212123,1993,Aaron Michael,23
nolasri01,2016,12000000,32,3,0,0,0,0,0,2,1,0,0.4,-2,-1.6,1982,Carlos Enrique,34
norribu01,2016,2500000,35,27,2,6,0,1,0,3,7,0.2222222222222222,0.3,-0.07407407407407407,0.22592592592592592,1985,David Stefan,31
norrida01,2016,514500,14,2,0,0,0,0,0,1,0,0,0.3333333333333333,-1,-0.6666666666666667,1993,Daniel David,23
norride01,2016,2925000,125,415,50,77,14,42,9,36,139,0.1855421686746988,0.25055432372505543,-0.1855421686746988,0.06501215505035662,1989,Derek Russell,27
novaiv01,2016,4100000,32,26,1,3,0,0,0,0,18,0.11538461538461539,0.11538461538461539,-1.0384615384615385,-0.9230769230769231,1987,Ivan Manuel,29
nunezed02,2016,1475000,141,553,73,159,16,67,40,29,88,0.2875226039783002,0.3230240549828179,0.5262206148282098,0.8492446698110276,1987,Eduardo Michelle,29
nunovi01,2016,532900,55,0,0,0,0,0,0,0,0,0,0,0,0,1987,Vidal Vicente,29
oberhbr01,2016,518000,37,7,0,1,0,0,0,0,2,0.14285714285714285,0.14285714285714285,-0.14285714285714285,0,1989,Brett Raymond,27
odayda01,2016,5854712,34,0,0,0,0,0,0,0,0,0,0,0,0,1982,Darren Christopher,34
odorija01,2016,520700,33,4,0,1,0,1,0,0,1,0.25,0.25,0.25,0.5,1990,Jacob Todd,26
odorro01,2016,522700,150,605,89,164,33,88,14,19,135,0.27107438016528923,0.2932692307692308,0.4677685950413223,0.761037825810553,1994,Rougned Roberto,22
oflaher01,2016,1750000,39,0,0,0,0,0,0,0,0,0,0,0,0,1985,Eric George,31
ogandal01,2016,2000000,36,0,0,0,0,0,0,0,0,0,0,0,0,1983,Alexi,33
ohlenro01,2016,800000,64,0,0,0,0,0,0,0,0,0,0,0,0,1982,Curtis Ross,34
ohse01,2016,2500000,76,2,0,0,0,0,0,0,2,0,0,-2,-2,1982,Seunghwan,34
olivehe01,2016,4000000,6,19,2,4,0,2,0,1,5,0.21052631578947367,0.25,0,0.25,1985,Hector,31
orlanpa01,2016,514250,128,457,52,138,5,43,14,13,105,0.30196936542669583,0.32127659574468087,0.4223194748358862,0.7435960705805671,1985,Paulo Roberto,31
ortizda01,2016,16000000,151,537,79,169,38,127,2,80,86,0.31471135940409684,0.4035656401944895,0.5381750465549349,0.9417406867494243,1975,David Americo,41
osichjo01,2016,512500,59,0,0,0,0,0,0,0,0,0,0,0,0,1988,Joshua Michael,28
osunaro01,2016,516100,72,0,0,0,0,0,0,0,0,0,0,0,0,1995,Roberto,21
oteroda01,2016,520000,62,0,0,0,0,0,0,0,0,0,0,0,0,1985,Daniel Anthony,31
ottavad01,2016,1300000,34,0,0,0,0,0,0,0,0,0,0,0,0,1985,Adam Robert,31
owingch01,2016,530500,119,437,52,121,5,49,21,20,87,0.2768878718535469,0.3085339168490153,0.37528604118993136,0.6838199580389467,1991,Christopher Scott,25
ozunama01,2016,570000,148,557,75,148,23,76,0,43,115,0.26570915619389585,0.31833333333333336,0.35368043087971274,0.6720137642130461,1990,Marcell,26
paganan01,2016,11250000,129,495,71,137,12,55,15,42,66,0.2767676767676768,0.3333333333333333,0.4666666666666667,0.8,1981,Angel Manuel,35
panikjo01,2016,545000,127,464,67,111,10,62,5,50,47,0.23922413793103448,0.3132295719844358,0.3642241379310345,0.6774537099154703,1990,Joseph Matthew,26
papeljo01,2016,10936574,37,0,0,0,0,0,0,0,0,0,0,0,0,1980,Jonathan Robert,36
paredji01,2016,520000,83,158,15,35,5,19,0,7,48,0.22151898734177214,0.2545454545454545,0.06329113924050633,0.31783659378596085,1988,Jimmy Santiago,28
parrage01,2016,8000000,102,368,45,93,7,39,6,9,73,0.25271739130434784,0.27055702917771884,0.3695652173913043,0.6401222465690232,1987,Gerardo Enrique,29
paulsbe01,2016,512500,39,92,8,20,1,11,0,5,27,0.21739130434782608,0.25773195876288657,-0.010869565217391304,0.24686239354549527,1987,Benjamin Michael,29
pearcst01,2016,4750000,85,264,35,76,13,35,0,34,54,0.2878787878787879,0.3691275167785235,0.3446969696969697,0.7138244864754932,1983,Steven Wayne,33
peavyja01,2016,15000000,31,27,2,5,0,3,0,2,12,0.18518518518518517,0.2413793103448276,-0.48148148148148145,-0.24010217113665386,1981,Jacob Edward,35
pederjo01,2016,520000,137,406,64,100,25,68,6,63,130,0.24630541871921183,0.34754797441364604,-0.027093596059113302,0.3204543783545327,1992,Joc Russell,24
pedrodu01,2016,12642511,154,633,105,201,15,74,7,61,73,0.3175355450236967,0.37752161383285304,0.6003159557661928,0.9778375695990458,1983,Dustin Luis,33
pelfrmi01,2016,8000000,24,0,0,0,0,0,0,0,0,0,0,0,0,1984,Michael Alan,32
penaar01,2016,510000,1,0,0,0,0,0,0,0,0,0,0,0,0,1989,Ariel,27
penabr01,2016,2500000,9,13,0,2,0,0,0,1,2,0.15384615384615385,0.21428571428571427,0,0.21428571428571427,1982,Brayan Eduardo,34
pencehu01,2016,18700000,106,395,58,114,13,57,1,43,95,0.28860759493670884,0.3584474885844749,0.26582278481012656,0.6242702733946015,1983,Hunter Andrew,33
pennicl01,2016,1500000,74,172,18,36,3,10,1,13,55,0.20930232558139536,0.2648648648648649,-0.11046511627906977,0.1543997485857951,1984,Clifton Randolph,32
peralda01,2016,529600,48,171,23,43,4,15,2,8,42,0.25146198830409355,0.2849162011173184,0.23976608187134502,0.5246822829886635,1987,Senger David,29
peraljh01,2016,12500000,82,289,37,75,8,29,0,20,56,0.25951557093425603,0.3074433656957929,0.3356401384083045,0.6430835041040974,1982,Jhonny Antonio,34
peraljo01,2016,1250000,31,2,0,0,0,0,0,0,1,0,0,-1,-1,1976,Joel,40
peralwi01,2016,2800000,23,39,2,5,1,6,0,0,15,0.1282051282051282,0.1282051282051282,-0.3076923076923077,-0.17948717948717952,1989,Wily,27
perdolu02,2016,507500,36,38,1,5,0,1,0,1,15,0.13157894736842105,0.15384615384615385,-0.4473684210526316,-0.2935222672064777,1993,Luis David,23
perezca02,2016,513000,87,268,25,56,5,31,1,12,49,0.208955223880597,0.24285714285714285,0.22761194029850745,0.4704690831556503,1990,Carlos Eduardo,26
perezma02,2016,3150000,33,3,0,1,0,0,0,0,1,0.3333333333333333,0.3333333333333333,0.3333333333333333,0.6666666666666666,1991,Martin,25
perezol01,2016,3000000,64,3,1,2,0,0,0,0,0,0.6666666666666666,0.6666666666666666,2,2.6666666666666665,1981,Oliver,35
perezro02,2016,515800,61,153,14,28,3,17,0,23,44,0.1830065359477124,0.2897727272727273,-0.2679738562091503,0.021798871063576974,1988,Roberto Andres,28
perezsa02,2016,2000000,139,514,57,127,22,64,0,22,119,0.24708171206225682,0.27798507462686567,0.321011673151751,0.5989967477786167,1990,Salvador Johan,26
perezwi01,2016,511250,11,17,0,0,0,0,0,0,5,0,0,-0.5882352941176471,-0.5882352941176471,1991,Williams David,25
perkigl01,2016,6300000,2,0,0,0,0,0,0,0,0,0,0,0,0,1983,Glen Weston,33
peterja01,2016,520500,115,350,45,89,7,29,5,52,69,0.2542857142857143,0.35074626865671643,0.13142857142857142,0.4821748400852879,1990,Jace Ryan,26
petityu01,2016,2500000,36,6,0,1,0,0,0,0,2,0.16666666666666666,0.16666666666666666,-0.16666666666666666,0,1984,Yusmeiro Alberto,32
petrija01,2016,535000,9,0,0,0,0,0,0,0,0,0,0,0,0,1988,Jacob Steven,28
phamth01,2016,510000,78,159,26,36,9,17,2,20,71,0.22641509433962265,0.3128491620111732,-0.29559748427672955,0.017251677734443638,1988,Thomas James,28
phegljo01,2016,512500,26,78,11,20,1,10,0,5,13,0.2564102564102564,0.30120481927710846,0.34615384615384615,0.6473586654309547,1988,Joshua Aaron,28
phelpda01,2016,2500000,64,11,0,2,0,1,0,0,3,0.18181818181818182,0.18181818181818182,0,0.18181818181818182,1986,David Edward,30
phillbr01,2016,13083333,141,550,74,160,11,64,14,18,68,0.2909090909090909,0.31338028169014087,0.62,0.9333802816901409,1981,Brandon Emil,35
pierzaj01,2016,3000000,81,247,15,54,2,23,1,6,29,0.21862348178137653,0.23715415019762845,0.3967611336032389,0.6339152838008674,1976,Anthony John,40
pillake01,2016,521100,146,548,59,146,7,53,14,24,90,0.2664233576642336,0.2972027972027972,0.4215328467153285,0.7187356439181256,1989,Kevin Andrew,27
pinedmi01,2016,4300000,32,1,0,0,0,0,0,0,1,0,0,-2,-2,1989,Michael Francisco,27
piscost01,2016,512500,153,582,86,159,22,85,7,51,133,0.27319587628865977,0.33175355450236965,0.3006872852233677,0.6324408397257373,1991,Stephen Edward,25
plaweke01,2016,511360,48,132,6,26,1,11,0,17,33,0.19696969696969696,0.28859060402684567,-0.14393939393939395,0.14465121008745171,1991,Kevin Jeffrey,25
plouftr01,2016,7250000,84,319,35,83,12,47,1,19,60,0.2601880877742947,0.30177514792899407,0.3981191222570533,0.6998942701860473,1986,Trevor Patrick,30
polangr01,2016,535000,144,527,79,136,22,86,17,53,119,0.25806451612903225,0.3258620689655172,0.24667931688804554,0.5725413858535627,1991,Gregory,25
polloaj01,2016,3500000,12,41,9,10,2,4,4,5,8,0.24390243902439024,0.32608695652173914,0.24390243902439024,0.5699893955461294,1987,Allen Lorenz,29
pomerdr01,2016,1350000,31,35,2,5,1,4,0,0,21,0.14285714285714285,0.14285714285714285,-0.6857142857142857,-0.5428571428571429,1988,Thomas Andrew,28
porceri01,2016,20125000,33,5,0,1,0,0,0,0,1,0.2,0.2,0.2,0.4,1988,Frederick Alfred,28
poseybu01,2016,20777778,146,539,82,155,14,80,6,64,68,0.287569573283859,0.36318407960199006,0.45083487940630795,0.814018959008298,1987,Gerald Dempsey,29
pradoma01,2016,11000000,153,600,70,183,8,75,2,49,69,0.305,0.3574730354391371,0.5616666666666666,0.9191397021058038,1983,Martin Manuel,33
pressry01,2016,520000,72,0,0,0,0,0,0,0,0,0,0,0,0,1988,Thomas Ryan,28
priceda01,2016,30000000,35,10,0,0,0,0,0,1,8,0,0.09090909090909091,-1.8,-1.7090909090909092,1985,David Taylor,31
puigya01,2016,7214285,104,334,45,88,11,45,5,24,74,0.2634730538922156,0.3128491620111732,0.3023952095808383,0.6152443715920115,1990,Yasiel,26
pujolal01,2016,25000000,152,593,71,159,31,119,4,49,75,0.26812816188870153,0.32398753894080995,0.5430016863406408,0.8669892252814508,1980,Jose Alberto,36
putnaza01,2016,975000,25,0,0,0,0,0,0,0,0,0,0,0,0,1987,Steven Zachary McGuire,29
quackke01,2016,521200,60,0,0,0,0,0,0,0,0,0,0,0,0,1988,Kevin Robert,28
quallch01,2016,2250000,44,0,0,0,0,0,0,0,0,0,0,0,0,1978,Chad Michael,38
quintjo01,2016,5400000,32,2,0,0,0,0,0,0,1,0,0,-1,-1,1989,Jose Guillermo,27
raburry01,2016,1500000,113,223,30,49,9,30,0,28,80,0.21973094170403587,0.30677290836653387,-0.18834080717488788,0.11843210119164599,1981,Ryan Neil,35
ramiral03,2016,3000000,145,478,38,115,6,48,8,21,63,0.2405857740585774,0.2725450901803607,0.40794979079497906,0.6804948809753397,1981,Alexei Fernando,35
ramirer02,2016,2375000,64,0,0,0,0,0,0,0,0,0,0,0,0,1990,Erasmo Jose,26
ramirha01,2016,22750000,147,549,81,157,30,111,9,60,120,0.2859744990892532,0.3563218390804598,0.366120218579235,0.7224420576596948,1983,Hanley,33
ramirjo01,2016,518200,152,565,84,176,11,76,22,44,62,0.31150442477876106,0.361247947454844,0.6176991150442478,0.9789470624990918,1992,Jose Enrique,24
ramirjo02,2016,507500,33,0,0,0,0,0,0,0,0,0,0,0,0,1990,Jose Altagracia,26
ramirne01,2016,524500,18,0,0,0,0,0,0,0,0,0,0,0,0,1989,Neil Andrew,27
ramirno01,2016,509500,14,0,0,0,0,0,0,0,0,0,0,0,0,1989,Noe,27
ramosaj01,2016,3400000,67,0,0,0,0,0,0,0,0,0,0,0,0,1986,Alejandro,30
ramoswi01,2016,5350000,131,482,58,148,22,80,0,35,79,0.3070539419087137,0.3539651837524178,0.5850622406639004,0.9390274244163183,1987,Wilson Abraham,29
rasmuco01,2016,15800000,107,369,38,76,15,54,4,43,121,0.20596205962059622,0.28883495145631066,-0.14905149051490515,0.1397834609414055,1986,Colby Ryan,30
rasmuco02,2016,514500,19,0,0,0,0,0,0,0,0,0,0,0,0,1987,Cory Taylor,29
ravinjo01,2016,515000,10,0,0,0,0,0,0,0,0,0,0,0,0,1988,Joshua Joseph,28
rayro02,2016,521000,32,53,3,10,1,2,0,1,26,0.18867924528301888,0.2037037037037037,-0.39622641509433965,-0.19252271139063595,1991,Robert Glenn,25
reaco01,2016,510200,21,33,3,4,0,1,0,2,16,0.12121212121212122,0.17142857142857143,-0.7272727272727273,-0.5558441558441558,1990,Colin David,26
realmjt01,2016,532500,137,509,60,154,11,48,12,28,100,0.3025540275049116,0.33891992551210426,0.46954813359528486,0.8084680591073892,1991,Jacob Tyler,25
reddijo01,2016,6575000,115,398,53,112,10,37,8,39,56,0.2814070351758794,0.34553775743707094,0.44221105527638194,0.7877488127134529,1987,William Joshua,29
reedad01,2016,5300000,80,0,0,0,0,0,0,0,0,0,0,0,0,1988,Addison Devon,28
reimono01,2016,1300000,104,203,25,45,6,15,1,22,62,0.22167487684729065,0.29777777777777775,-0.07389162561576355,0.22388615216201418,1983,Nolan Gallagher,33
rendoan01,2016,2800000,156,567,91,153,20,85,12,65,117,0.2698412698412698,0.3449367088607595,0.27336860670194,0.6183053155626995,1990,Anthony Michael,26
reverbe01,2016,6250000,103,350,44,76,2,24,14,18,34,0.21714285714285714,0.2554347826086957,0.37142857142857144,0.6268633540372671,1988,Ben Daniel,28
reyesjo01,2016,22000000,60,255,45,68,8,24,9,23,49,0.26666666666666666,0.3273381294964029,0.32941176470588235,0.6567498942022852,1983,Jose Bernabe,33
reynoma01,2016,2600000,118,393,61,111,14,53,1,42,112,0.2824427480916031,0.35172413793103446,0.17048346055979643,0.5222075984908309,1983,Mark Andrew,33
richacl01,2016,2000000,37,17,0,1,0,1,0,1,9,0.058823529411764705,0.1111111111111111,-1,-0.8888888888888888,1983,Clayton Colby,33
richaga01,2016,6425000,6,0,0,0,0,0,0,0,0,0,0,0,0,1988,Garrett Thomas,28
rickajo01,2016,507500,85,257,32,69,5,19,4,18,54,0.26848249027237353,0.31636363636363635,0.3035019455252918,0.6198655818889282,1991,Joseph Mark,25
riverfe01,2016,516100,75,1,0,0,0,0,0,0,1,0,0,-2,-2,1991,Felipe Javier,25
riverya01,2016,508600,35,66,12,14,0,3,0,2,20,0.21212121212121213,0.23529411764705882,-0.030303030303030304,0.20499108734402852,1992,Yadiel,24
rizzoan01,2016,5285714,155,583,94,170,32,109,3,74,108,0.2915951972555746,0.3713850837138508,0.41509433962264153,0.7864794233364923,1989,Anthony Vincent,27
roarkta01,2016,543400,34,64,1,8,0,3,0,5,25,0.125,0.18840579710144928,-0.5625,-0.3740942028985507,1986,Tanner Burnell,30
roberda08,2016,11000000,62,0,0,0,0,0,0,0,0,0,0,0,0,1985,David Alan,31
robincl01,2016,534900,104,196,16,46,5,26,0,20,38,0.23469387755102042,0.3055555555555556,0.18877551020408162,0.4943310657596372,1985,Clinton Michael,31
robleha01,2016,516500,68,3,0,0,0,0,0,0,2,0,0,-1.3333333333333333,-1.3333333333333333,1990,Hansel Manuel,26
rodnefe01,2016,1600000,67,0,0,0,0,0,0,0,0,0,0,0,0,1977,Fernando,39
rodonca01,2016,518000,28,3,0,0,0,0,0,0,2,0,0,-1.3333333333333333,-1.3333333333333333,1992,Carlos Antonio,24
rodrial01,2016,21000000,65,225,19,45,9,31,3,14,67,0.2,0.24686192468619247,0,0.24686192468619247,1975,Alexander Enmanuel,41
rodried05,2016,521000,20,2,0,0,0,0,0,0,2,0,0,-2,-2,1993,Eduardo Jose,23
rodrife02,2016,1050000,34,0,0,0,0,0,0,0,0,0,0,0,0,1984,Fernando,32
rodrifr03,2016,7383481,61,0,0,0,0,0,0,0,0,0,0,0,0,1982,Francisco Jose,34
rodrise01,2016,2500000,140,300,49,81,18,56,2,33,102,0.27,0.34234234234234234,0.09,0.43234234234234237,1985,Sean John,31
rojasmi02,2016,511000,123,194,27,48,1,14,2,11,27,0.24742268041237114,0.28780487804878047,0.36597938144329895,0.6537842594920794,1989,Miguel Elias,27
rolliji01,2016,2000000,41,149,25,33,2,8,5,16,33,0.2214765100671141,0.296969696969697,0.04697986577181208,0.34394956274150906,1978,James Calvin,38
romeren01,2016,510000,52,0,0,0,0,0,0,0,0,0,0,0,0,1991,Enny Manuel,25
rominan01,2016,900000,109,174,21,41,2,16,8,13,38,0.23563218390804597,0.2887700534759358,0.15517241379310345,0.4439424672690393,1985,Andrew James,31
rominau01,2016,556000,62,165,17,40,4,26,1,7,31,0.24242424242424243,0.27325581395348836,0.3393939393939394,0.6126497533474278,1988,Austin Allen,28
romose01,2016,9000000,40,0,0,0,0,0,0,0,0,0,0,0,0,1983,Sergio Francisco,33
rondohe01,2016,4200000,54,1,0,0,0,0,0,0,1,0,0,-2,-2,1988,Hector Luis,28
rosalad01,2016,800000,105,214,37,49,13,35,4,29,88,0.22897196261682243,0.32098765432098764,-0.22429906542056074,0.09668858890042689,1983,Adam Marcos,33
rosared01,2016,542500,92,335,52,90,10,32,5,12,91,0.26865671641791045,0.29394812680115273,0.28059701492537314,0.5745451417265259,1991,Eddie Manuel,25
rosentr01,2016,5600000,45,1,0,0,0,0,0,0,1,0,0,-2,-2,1990,Trevor Jordan,26
rossda01,2016,2500000,67,166,24,38,10,32,0,30,54,0.2289156626506024,0.3469387755102041,-0.14457831325301204,0.20236046225719204,1977,David Wade,39
rossjo01,2016,514400,23,41,2,10,0,1,0,3,15,0.24390243902439024,0.29545454545454547,-0.14634146341463414,0.14911308203991133,1993,Joseph Andrew,23
rossro01,2016,1250000,54,0,0,0,0,0,0,0,0,0,0,0,0,1989,Robert Charles,27
rossty01,2016,9625000,1,1,0,0,0,0,0,0,1,0,0,-2,-2,1987,Tyson William,29
ruary01,2016,510120,99,240,40,62,8,22,9,21,76,0.25833333333333336,0.31800766283524906,0.06666666666666667,0.3846743295019157,1990,Ryan Anthony,26
rufda01,2016,527000,43,83,8,17,3,9,0,4,25,0.20481927710843373,0.2413793103448276,0.024096385542168676,0.26547569588699627,1986,Darin Cortland,30
ruggiju01,2016,1650000,9,24,4,8,2,7,0,2,10,0.3333333333333333,0.38461538461538464,0.25,0.6346153846153846,1982,Justin Marshall,34
ruizca01,2016,8500000,62,201,21,53,3,15,3,27,33,0.263681592039801,0.3508771929824561,0.23880597014925373,0.5896831631317099,1979,Carlos Joaquin,37
ruppca01,2016,518000,105,389,36,98,16,54,1,24,114,0.2519280205655527,0.29539951573849876,0.16966580976863754,0.4650653255071363,1988,Cameron Arthur,28
rusinch01,2016,512500,29,29,2,5,0,3,0,0,6,0.1724137931034483,0.1724137931034483,0.10344827586206896,0.27586206896551724,1986,Christopher Patrick,30
russead02,2016,527000,151,525,67,125,21,95,5,55,135,0.23809523809523808,0.3103448275862069,0.11047619047619048,0.42082101806239736,1994,Addison Wayne,22
russeja02,2016,1500000,7,0,0,0,0,0,0,0,0,0,0,0,0,1986,James Clayton,30
ryanky01,2016,509500,56,0,0,0,0,0,0,0,0,0,0,0,0,1991,Kyle,25
ryuhy01,2016,7833333,1,1,0,0,0,0,0,0,0,0,0,0,0,1987,Hyun Jin,29
rzepcma01,2016,2950000,70,0,0,0,0,0,0,0,0,0,0,0,0,1985,Marc Walter,31
sabatcc01,2016,25000000,30,1,0,0,0,0,0,0,0,0,0,0,0,1980,Carsten Charles,36
saladty01,2016,513000,93,298,33,84,8,38,11,13,62,0.28187919463087246,0.31189710610932475,0.4228187919463087,0.7347158980556334,1989,Tyler Artolo,27
salasfe01,2016,2400000,75,0,0,0,0,0,0,0,0,0,0,0,0,1985,Noel Fernando,31
salazda01,2016,536200,25,5,1,0,0,0,0,0,3,0,0,-1.2,-1.2,1990,Daniel Dariel,26
salech01,2016,9150000,32,6,0,1,0,0,0,0,2,0.16666666666666666,0.16666666666666666,-0.16666666666666666,0,1989,Christopher,27
saltaja01,2016,507500,92,246,30,42,12,38,0,41,104,0.17073170731707318,0.289198606271777,-0.5203252032520326,-0.23112659698025556,1985,Jarrod Scott,31
samarje01,2016,10800000,34,64,4,10,0,9,0,1,28,0.15625,0.16923076923076924,-0.4375,-0.26826923076923076,1985,Jeffrey Alan,31
sampske01,2016,507500,18,7,0,0,0,0,0,0,6,0,0,-1.7142857142857142,-1.7142857142857142,1991,Keyvius Nathaniel,25
sanchaa01,2016,517800,30,9,0,0,0,0,0,1,5,0,0.1,-1.3333333333333333,-1.2333333333333332,1992,Aaron Jacob,24
sanchan01,2016,16800000,35,6,0,0,0,0,0,0,3,0,0,-1,-1,1984,Anibal Alejandro,32
sandopa01,2016,17600000,3,6,0,0,0,0,0,1,4,0,0.14285714285714285,-1.6666666666666667,-1.523809523809524,1986,Pablo Emilio,30
sandsje01,2016,535000,24,55,2,13,1,7,0,3,24,0.23636363636363636,0.27586206896551724,-0.21818181818181817,0.057680250783699066,1987,Gerald Robert,29
sanomi01,2016,547500,116,437,57,103,25,66,1,54,178,0.23569794050343248,0.319755600814664,-0.18306636155606407,0.1366892392585999,1993,Miguel Angel,23
santaca01,2016,8450000,158,582,89,151,34,87,5,99,99,0.25945017182130586,0.3671071953010279,0.27319587628865977,0.6403030715896877,1986,Carlos,30
santada01,2016,537500,75,233,29,56,2,14,12,12,55,0.24034334763948498,0.27755102040816326,0.17167381974248927,0.44922484015065256,1990,Daniel Ernesto,26
santado01,2016,513800,77,246,34,63,11,32,2,32,91,0.25609756097560976,0.34172661870503596,-0.0975609756097561,0.24416564309527986,1992,Domingo Alberto,24
santaer01,2016,13500000,30,5,0,0,0,0,0,0,3,0,0,-1.2,-1.2,1982,Ervin Ramon,34
santihe01,2016,5000000,33,3,0,1,0,0,0,0,1,0.3333333333333333,0.3333333333333333,0.3333333333333333,0.6666666666666666,1987,Hector Felipe,29
sardilu01,2016,512000,66,180,25,44,4,18,4,12,48,0.24444444444444444,0.2916666666666667,0.13333333333333333,0.42500000000000004,1993,Luis Alexander,23
saundmi01,2016,2900000,140,490,70,124,24,57,1,59,157,0.2530612244897959,0.3333333333333333,0.024489795918367346,0.3578231292517007,1986,Michael Edward Brett,30
schebsc01,2016,507500,82,257,36,68,9,40,2,19,59,0.26459143968871596,0.31521739130434784,0.2918287937743191,0.6070461850786669,1990,Scott Anthony,26
schepta01,2016,900000,10,0,0,0,0,0,0,0,0,0,0,0,0,1987,Tanner Ross,29
scherma01,2016,22142857,34,70,4,13,0,12,0,2,30,0.18571428571428572,0.20833333333333334,-0.35714285714285715,-0.1488095238095238,1984,Maxwell Martin,32
schoojo01,2016,522500,162,615,82,164,25,82,1,21,137,0.26666666666666666,0.2908805031446541,0.408130081300813,0.699010584445467,1991,Jonathan Rufino Jezus,25
schulbo02,2016,513300,16,0,0,0,0,0,0,0,0,0,0,0,0,1985,Patrick Bowen,31
schwaky01,2016,522000,2,4,0,0,0,0,0,1,2,0,0.2,-1.5,-1.3,1993,Kyle Joseph,23
scribev01,2016,807500,12,0,0,0,0,0,0,0,0,0,0,0,0,1985,Evan Lee,31
seageco01,2016,510000,157,627,105,193,26,72,3,54,133,0.3078149920255183,0.36270190895741555,0.4513556618819777,0.8140575708393932,1994,Corey Drew,22
seageky01,2016,8000000,158,597,89,166,30,99,3,69,108,0.2780569514237856,0.35285285285285284,0.39195979899497485,0.7448126518478277,1987,Kyle Duerr,29
segurje01,2016,2600000,153,637,102,203,20,64,33,39,101,0.31868131868131866,0.35798816568047337,0.6106750392464678,0.9686632049269412,1990,Jean Carlos Enrique,26
semiema01,2016,512500,159,568,72,135,27,75,10,51,139,0.23767605633802816,0.30048465266558966,0.18661971830985916,0.4871043709754488,1990,Marcus Andrew,26
severlu01,2016,521300,22,0,0,0,0,0,0,0,0,0,0,0,0,1994,Luis,22
shawbr01,2016,2750000,75,0,0,0,0,0,0,0,0,0,0,0,0,1987,Bryan Anthony,29
shawtr01,2016,515000,145,480,63,116,16,71,5,43,133,0.24166666666666667,0.30401529636711283,0.09166666666666666,0.3956819630337795,1990,Travis Richard,26
shielja02,2016,21000000,33,21,1,4,0,0,0,0,12,0.19047619047619047,0.19047619047619047,-0.5714285714285714,-0.38095238095238093,1981,James Anthony,35
shoemma01,2016,530000,27,2,0,0,0,0,0,0,1,0,0,-1,-1,1986,Matthew David,30
shrevch01,2016,533400,37,0,0,0,0,0,0,0,0,0,0,0,0,1990,Chasen Dean,26
shuckja01,2016,521000,81,224,27,46,4,14,3,12,21,0.20535714285714285,0.2457627118644068,0.375,0.6207627118644068,1987,Jack Burdett,29
siegrke01,2016,539000,67,0,0,0,0,0,0,0,0,0,0,0,0,1989,Kevin Ryan,27
simmoan01,2016,6000000,124,448,48,126,4,44,10,28,38,0.28125,0.3235294117647059,0.5758928571428571,0.899422268907563,1989,Andrelton Alexander,27
simmosh01,2016,508000,7,0,0,0,0,0,0,0,0,0,0,0,0,1990,Shae Austin,26
simonal01,2016,2000000,15,14,0,1,0,1,0,1,7,0.07142857142857142,0.13333333333333333,-0.9285714285714286,-0.7952380952380953,1981,Alfredo,35
sippto01,2016,6000000,60,0,0,0,0,0,0,0,0,0,0,0,0,1983,Tony Marcel,33
smithca02,2016,529000,3,0,0,0,0,0,0,0,0,0,0,0,0,1989,Carson Donald,27
smithjo05,2016,5250000,54,0,0,0,0,0,0,0,0,0,0,0,0,1984,Joseph Michael,32
smithse01,2016,6750000,137,378,62,94,16,63,0,48,89,0.24867724867724866,0.3333333333333333,0.14814814814814814,0.48148148148148145,1982,Garry Seth,34
smithwi04,2016,1475000,53,0,0,0,0,0,0,0,0,0,0,0,0,1989,William Michael,27
smoakju01,2016,3900000,126,299,33,65,14,34,1,40,112,0.21739130434782608,0.30973451327433627,-0.22408026755852842,0.08565424571580785,1986,Justin Kyle,30
smylydr01,2016,3750000,30,2,0,0,0,0,0,0,0,0,0,0,0,1989,Todd Andrew,27
solarya01,2016,525500,109,405,55,116,15,71,1,30,63,0.28641975308641976,0.335632183908046,0.5111111111111111,0.8467432950191571,1987,Yangervis Alfredo,29
solerjo01,2016,3666666,86,227,37,54,12,31,0,31,66,0.23788546255506607,0.32945736434108525,0.01762114537444934,0.3470785097155346,1992,Jorge Carlos,24
soriajo01,2016,7000000,70,0,0,0,0,0,0,0,0,0,0,0,0,1984,Joakim Agustin,32
sotoge01,2016,2800000,26,78,11,21,4,9,0,6,21,0.2692307692307692,0.32142857142857145,0.2692307692307692,0.5906593406593407,1983,Geovany,33
souzast01,2016,516100,120,430,58,106,17,49,7,31,159,0.24651162790697675,0.29718004338394793,-0.02558139534883721,0.27159864803511075,1989,Steven Jeffrey,27
spande01,2016,5000000,143,572,70,152,11,53,12,53,79,0.26573426573426573,0.328,0.39335664335664333,0.7213566433566434,1984,Keiunta Denard,32
spangco01,2016,517700,14,48,6,11,1,8,1,4,13,0.22916666666666666,0.28846153846153844,0.041666666666666664,0.3301282051282051,1991,Cory Joseph,25
springe01,2016,522400,162,644,116,168,29,82,9,88,178,0.2608695652173913,0.34972677595628415,0.09161490683229814,0.4413416827885823,1989,George Chelston,27
stantmi03,2016,9000000,119,413,56,99,27,74,0,50,140,0.2397094430992736,0.32181425485961124,-0.004842615012106538,0.3169716398475047,1989,Giancarlo Cruz-Michael,27
stassma01,2016,508200,9,13,1,1,0,0,0,0,5,0.07692307692307693,0.07692307692307693,-0.5384615384615384,-0.4615384615384615,1991,Max Robert,25
stewach01,2016,1350000,34,98,10,21,1,7,0,12,15,0.21428571428571427,0.3,0.12244897959183673,0.4224489795918367,1982,Christopher David,34
storedr01,2016,8375000,57,0,0,0,0,0,0,0,0,0,0,0,0,1987,Drew Patrick,29
storytr01,2016,507500,97,372,67,101,27,72,8,35,130,0.271505376344086,0.33415233415233414,0.14516129032258066,0.47931362447491477,1992,Trevor John,24
straida01,2016,512100,34,52,2,1,0,1,0,2,40,0.019230769230769232,0.05555555555555555,-1.5576923076923077,-1.5021367521367521,1988,Daniel Steven,28
strasst01,2016,10400000,24,48,3,10,0,2,0,2,11,0.20833333333333334,0.24,0.08333333333333333,0.3233333333333333,1988,Stephen James,28
streehu01,2016,8000000,26,0,0,0,0,0,0,0,0,0,0,0,0,1983,Huston Lowell,33
strichu01,2016,517500,72,0,0,0,0,0,0,0,0,0,0,0,0,1988,Hunter Drew,28
stripro01,2016,507500,22,24,2,2,0,1,0,2,12,0.08333333333333333,0.15384615384615385,-0.9166666666666666,-0.7628205128205128,1989,Thomas Ross,27
stromma01,2016,515900,32,5,1,0,0,0,0,0,0,0,0,0,0,1991,Marcus Earl,25
stroppe01,2016,4400000,55,1,0,0,0,0,0,0,0,0,0,0,0,1985,Pedro Angel,31
stubbdr01,2016,507500,59,80,13,18,3,7,9,12,38,0.225,0.32608695652173914,-0.4625,-0.1364130434782609,1984,Robert Andrew,32
stumpda01,2016,507500,7,0,0,0,0,0,0,0,0,0,0,0,0,1991,Daniel Arthur,25
suareeu01,2016,545000,159,565,78,140,21,70,11,51,155,0.24778761061946902,0.31006493506493504,0.1256637168141593,0.4357286518790944,1991,Eugenio Alejandro,25
sucreje01,2016,512000,9,25,4,12,1,5,0,2,5,0.48,0.5185185185185185,1,1.5185185185185186,1988,Jesus Marcelo,28
suzukic01,2016,2000000,143,327,48,95,1,22,10,30,42,0.290519877675841,0.35014005602240894,0.44036697247706424,0.7905070284994732,1973,Ichiro,43
suzukku01,2016,6000000,106,345,34,89,8,49,0,18,48,0.2579710144927536,0.29476584022038566,0.4608695652173913,0.755635405437777,1983,Kurt Kiyoshi,33
swihabl01,2016,518500,19,62,9,16,0,5,0,11,17,0.25806451612903225,0.3698630136986301,-0.12903225806451613,0.240830755634114,1992,Blake Aubry,24
syndeno01,2016,535375,31,58,6,11,3,6,0,7,34,0.1896551724137931,0.27692307692307694,-0.6896551724137931,-0.4127320954907162,1992,Noah Seth,24
szczuma01,2016,511500,107,185,30,48,5,24,2,13,39,0.2594594594594595,0.30808080808080807,0.2972972972972973,0.6053781053781053,1989,Matthew,27
tanakma01,2016,22000000,31,2,0,0,0,0,0,0,2,0,0,-2,-2,1988,Masahiro,28
taylomi02,2016,524000,76,221,28,51,7,16,14,14,77,0.23076923076923078,0.2765957446808511,-0.03619909502262444,0.24039664965822663,1991,Michael Anthony,25
tazawju01,2016,3375000,53,0,0,0,0,0,0,0,0,0,0,0,0,1986,Junichi,30
teherju01,2016,3466666,31,49,1,10,0,2,0,1,16,0.20408163265306123,0.22,-0.08163265306122448,0.1383673469387755,1991,Julio Alberto,25
teixema01,2016,23125000,116,387,43,79,15,44,2,47,105,0.2041343669250646,0.2903225806451613,-0.056847545219638244,0.23347503542552306,1980,Mark Charles,36
tejadru01,2016,1500000,36,66,9,11,0,5,0,7,13,0.16666666666666666,0.2465753424657534,-0.10606060606060606,0.14051473640514733,1989,Ruben Dario,27
tholejo01,2016,800000,50,118,7,20,1,7,0,13,28,0.1694915254237288,0.25190839694656486,-0.16101694915254236,0.0908914477940225,1986,Joshua Michael,30
thomptr01,2016,512500,80,236,31,53,13,32,5,26,66,0.2245762711864407,0.3015267175572519,0.059322033898305086,0.360848751455557,1991,Trayce Nikolas,25
thornma01,2016,1600000,18,0,0,0,0,0,0,0,0,0,0,0,0,1976,Matthew J.,40
thornty01,2016,513900,67,0,0,0,0,0,0,0,0,0,0,0,0,1988,Tyler Michael,28
tillmch01,2016,6225000,30,2,0,0,0,0,0,0,2,0,0,-2,-2,1988,Christopher Steven,28
tollesh01,2016,3275000,37,1,0,0,0,0,0,0,1,0,0,-2,-2,1988,Shawn Mark,28
tomasya01,2016,7500000,140,530,72,144,31,83,2,31,136,0.27169811320754716,0.31194295900178254,0.360377358490566,0.6723203174923486,1990,Yasmany,26
tomlijo01,2016,2250000,30,5,1,2,0,0,0,0,2,0.4,0.4,0.4,0.8,1984,Joshua Aubrey,32
tomlike01,2016,512500,52,106,13,31,0,6,5,12,18,0.29245283018867924,0.3644067796610169,0.3113207547169811,0.675727534377998,1990,Kelby Aaron,26
tonkimi01,2016,515000,65,2,0,0,0,0,0,0,1,0,0,-1,-1,1989,Michael Harvey,27
torreca01,2016,1050000,72,0,0,0,0,0,0,0,0,0,0,0,0,1982,Carlos Ephriam,34
torrero01,2016,508600,72,155,20,40,1,12,2,10,20,0.25806451612903225,0.30303030303030304,0.4064516129032258,0.7094819159335288,1992,Ronald Alcides,24
travide01,2016,511200,101,410,54,123,11,50,4,20,87,0.3,0.3325581395348837,0.4585365853658537,0.7910947249007374,1991,Devon Anthony,25
treinbl01,2016,524900,73,0,0,0,0,0,0,0,0,0,0,0,0,1988,Blake Michael,28
troutmi01,2016,16083333,159,549,123,173,29,100,30,116,137,0.3151183970856102,0.4345864661654135,0.18214936247723132,0.6167358286426449,1991,Michael Nelson,25
trumbma01,2016,9150000,159,613,94,157,47,108,2,51,170,0.2561174551386623,0.3132530120481928,0.27732463295269166,0.5905776450008844,1986,Mark Daniel,30
tuckepr01,2016,515000,48,134,11,22,4,8,0,8,40,0.16417910447761194,0.2112676056338028,-0.13432835820895522,0.07693924742484759,1990,Preston Michael,26
tulowtr01,2016,20000000,131,492,54,125,24,79,1,43,101,0.2540650406504065,0.31401869158878504,0.3231707317073171,0.6371894232961022,1984,Troy Trever,32
turneju01,2016,5100000,151,556,79,153,27,90,4,48,107,0.2751798561151079,0.33278145695364236,0.4136690647482014,0.7464505217018438,1984,Justin Matthew,32
ueharko01,2016,9000000,50,0,0,0,0,0,0,0,0,0,0,0,0,1975,Koji,41
uptonbj01,2016,15450000,149,492,64,117,20,61,27,37,155,0.23780487804878048,0.29111531190926276,0.054878048780487805,0.34599336068975056,1984,Melvin Emanuel,32
uptonju01,2016,22125000,153,570,81,140,31,87,9,50,179,0.24561403508771928,0.3064516129032258,0.09649122807017543,0.4029428409734013,1987,Justin Irvin,29
uribeju01,2016,4000000,73,238,19,49,7,25,0,15,49,0.20588235294117646,0.25296442687747034,0.16806722689075632,0.42103165376822665,1979,Juan C.,37
utleych01,2016,7000000,138,512,79,129,14,52,2,40,115,0.251953125,0.3061594202898551,0.232421875,0.5385812952898551,1978,Chase Cameron,38
valbulu01,2016,6125000,90,292,38,76,13,40,1,44,81,0.2602739726027397,0.35714285714285715,0.05821917808219178,0.41536203522504894,1985,Luis Adan,31
valenda01,2016,3150000,130,471,72,135,17,51,1,41,115,0.28662420382165604,0.34375,0.3057324840764331,0.649482484076433,1984,Daniel Paul,32
vanslsc01,2016,1225000,52,102,10,23,1,7,1,5,24,0.22549019607843138,0.2616822429906542,0.13725490196078433,0.3989371449514385,1986,Scott Tyler,30
vargaja01,2016,8500000,3,0,0,0,0,0,0,0,0,0,0,0,0,1983,Jason Matthew,33
vazquch01,2016,513000,57,172,21,39,1,12,0,10,39,0.22674418604651161,0.2692307692307692,0.12790697674418605,0.39713774597495527,1990,Christian Rafael,26
velasvi01,2016,516000,24,40,4,8,0,0,0,1,16,0.2,0.21951219512195122,-0.25,-0.03048780487804878,1992,Vincent John,24
ventuyo01,2016,1200000,32,3,0,1,0,0,0,0,2,0.3333333333333333,0.3333333333333333,-0.3333333333333333,0,1991,Yordano,25
verhadr01,2016,509500,19,0,0,0,0,0,0,0,0,0,0,0,0,1990,Drew Edward,26
verlaju01,2016,28000000,34,5,1,1,0,0,0,0,2,0.2,0.2,-0.2,0,1983,Justin Brooks,33
verrelo01,2016,514875,35,19,1,1,0,0,0,0,12,0.05263157894736842,0.05263157894736842,-1.105263157894737,-1.0526315789473686,1990,Scott Logan,26
villaca01,2016,1490314,51,4,0,0,0,0,0,0,4,0,0,-2,-2,1983,Carlos Manuel,33
villajo01,2016,512900,156,589,92,168,19,63,62,79,174,0.28522920203735147,0.36976047904191617,0.0933786078098472,0.46313908685176336,1991,Jonathan Rafael,25
vinceni01,2016,525500,60,0,0,0,0,0,0,0,0,0,0,0,0,1986,Nicholas James,30
vizcaar01,2016,897500,43,0,0,0,0,0,0,0,0,0,0,0,0,1990,Arodys,26
vogelry01,2016,2000000,24,19,1,1,0,1,0,1,13,0.05263157894736842,0.1,-1.3157894736842106,-1.2157894736842105,1977,Ryan Andrew,39
vogtst01,2016,527500,137,490,54,123,14,56,0,35,83,0.2510204081632653,0.30095238095238097,0.35714285714285715,0.6580952380952381,1984,Stephen Guy,32
volqued01,2016,9500000,34,5,0,0,0,0,0,0,3,0,0,-1.2,-1.2,1983,Edinson,33
vottojo01,2016,20000000,158,556,101,181,29,97,8,108,120,0.3255395683453237,0.4352409638554217,0.3129496402877698,0.7481906041431915,1983,Joseph Daniel,33
wachami01,2016,539000,27,39,1,1,0,0,0,3,22,0.02564102564102564,0.09523809523809523,-1.205128205128205,-1.10989010989011,1991,Michael Joseph,25
wainwad01,2016,19500000,34,62,6,13,2,18,0,2,17,0.20967741935483872,0.234375,0.11290322580645161,0.3472782258064516,1981,Adam Parrish,35
walkene01,2016,10550000,113,412,57,116,23,55,3,42,84,0.2815533980582524,0.34801762114537443,0.40048543689320387,0.7485030580385783,1985,Neil Martin,31
walketa01,2016,528600,25,0,0,0,0,0,0,0,0,0,0,0,0,1992,Taijuan Emmanuel,24
wallabr01,2016,1000000,119,217,19,41,6,20,0,29,83,0.1889400921658986,0.2845528455284553,-0.3824884792626728,-0.09793563373421754,1986,Brett Alexander,30
walshco02,2016,507500,38,47,4,4,0,2,0,15,22,0.0851063829787234,0.3064516129032258,-1.3191489361702127,-1.012697323266987,1989,Colin Patrick,27
wangch01,2016,1000000,38,0,0,0,0,0,0,0,0,0,0,0,0,1980,Chien-Ming,36
warread01,2016,1700000,58,3,0,0,0,0,0,0,3,0,0,-2,-2,1987,Adam Parrish,29
watsoto01,2016,3450000,70,0,0,0,0,0,0,0,0,0,0,0,0,1985,Anthony Michael,31
weaveje02,2016,20200000,31,9,0,0,0,0,0,0,4,0,0,-0.8888888888888888,-0.8888888888888888,1982,Jered David,34
webbry01,2016,1000000,18,0,0,0,0,0,0,0,0,0,0,0,0,1986,Ryan Christopher,30
weeksri01,2016,1500000,108,180,29,43,9,27,5,20,54,0.2388888888888889,0.315,0.044444444444444446,0.35944444444444446,1982,Rickie Darnell,34
werthja01,2016,21733615,143,525,84,128,21,69,5,71,139,0.2438095238095238,0.3338926174496644,0.05142857142857143,0.38532118887823585,1979,Jayson Richard Gowan,37
whitety01,2016,507500,86,249,24,54,8,28,1,23,65,0.21686746987951808,0.28308823529411764,0.040160642570281124,0.32324887786439876,1990,Brian Tyler,26
whitlch01,2016,524525,5,0,0,0,0,0,0,0,0,0,0,0,0,1989,Chase Coleman,27
wietema01,2016,15800000,124,423,48,103,17,66,1,32,85,0.24349881796690306,0.2967032967032967,0.2978723404255319,0.5945756371288287,1986,Matthew Richard,30
wilheto01,2016,3100000,50,0,0,0,0,0,0,0,0,0,0,0,0,1983,Thomas Mark,33
willima07,2016,509700,12,27,4,8,0,2,0,1,12,0.2962962962962963,0.32142857142857145,-0.07407407407407407,0.24735449735449738,1991,Mason Jordan,25
wilsoal01,2016,522500,62,0,0,0,0,0,0,0,0,0,0,0,0,1986,William Alexander,30
wilsoju10,2016,1525000,66,0,0,0,0,0,0,0,0,0,0,0,0,1987,Justin James,29
wilsoty01,2016,511500,24,0,0,0,0,0,0,0,0,0,0,0,0,1989,Philip Tyler,27
winklda01,2016,508500,3,0,0,0,0,0,0,0,0,0,0,0,0,1990,Daniel Allen,26
wislema01,2016,507500,29,46,2,7,0,2,0,1,21,0.15217391304347827,0.1702127659574468,-0.5,-0.32978723404255317,1992,Matthew Robert,24
wolteto01,2016,507500,71,205,27,53,3,30,4,21,53,0.25853658536585367,0.3274336283185841,0.0975609756097561,0.4249946039283402,1992,Anthony John,24
wongko01,2016,1250000,121,313,39,75,5,23,7,34,52,0.23961661341853036,0.31412103746397696,0.21725239616613418,0.5313734336301111,1990,Kolten Kaha,26
woodal02,2016,530000,15,16,2,4,0,2,0,1,9,0.25,0.29411764705882354,-0.5,-0.20588235294117646,1991,Robert Alexander,25
woodbl01,2016,600000,70,2,0,0,0,0,0,0,2,0,0,-2,-2,1985,Blake Daniel,31
woodtr01,2016,6170000,81,11,0,2,0,1,0,1,5,0.18181818181818182,0.25,-0.5454545454545454,-0.2954545454545454,1987,Travis Alan,29
worleva01,2016,2600000,35,0,0,0,0,0,0,0,0,0,0,0,0,1987,Vance Richard,29
wrighda03,2016,19364801,37,137,18,31,7,14,3,26,55,0.22627737226277372,0.3496932515337423,-0.35036496350364965,-6.717119699073404e-4,1982,David Allen,34
wrighmi01,2016,510500,18,0,0,0,0,0,0,0,0,0,0,0,0,1990,Dennis Michael,26
wrighst01,2016,514500,25,4,0,0,0,0,0,0,3,0,0,-1.5,-1.5,1984,Steven Richard,32
yateski01,2016,511900,41,0,0,0,0,0,0,0,0,0,0,0,0,1987,Kirby Kali,29
yelicch01,2016,1000000,155,578,78,172,21,98,9,72,138,0.2975778546712803,0.37538461538461537,0.2750865051903114,0.6504711205749267,1991,Christian Stephen,25
youngch03,2016,4250000,34,1,0,0,0,0,0,0,0,0,0,0,0,1979,Christopher Ryan,37
youngch04,2016,6500000,76,203,29,56,9,24,4,21,50,0.27586206896551724,0.34375,0.26108374384236455,0.6048337438423645,1983,Christopher Brandon,33
zieglbr01,2016,5500000,69,0,0,0,0,0,0,0,0,0,0,0,0,1979,Brad Gregory,37
zimmejo02,2016,18000000,19,4,0,1,0,0,0,0,2,0.25,0.25,-0.25,0,1986,Jordan Michael,30
zimmery01,2016,14000000,115,427,60,93,15,46,4,29,104,0.21779859484777517,0.2675438596491228,0.1358313817330211,0.40337524138214387,1984,Ryan Wallace,32
zobribe01,2016,10500000,147,523,94,142,18,76,6,96,82,0.27151051625239003,0.38449111470113084,0.23709369024856597,0.6215848049496968,1981,Benjamin Thomas,35
zychto01,2016,511000,12,0,0,0,0,0,0,0,0,0,0,0,0,1990,Anthony Aaron,26
